component,bar,bar,bar,bar,bar,bar,bar,bar,bulge,bulge,bulge,bulge,bulge,bulge,bulge,bulge,disk,disk,disk,disk,disk,disk,disk,disk
parameter,I,Re,c,mux,muy,n,q,roll,I,Re,c,mux,muy,n,q,roll,I,Re,c,mux,muy,n,q,roll
20902000,,,,,,,,,0.22002787189428347,0.09154928708062943,0.0,0.2482611484850802,0.32325920843018185,0.9659606617248965,0.033282099549418964,1.4165402569257433,0.14963325873962524,1.0414579519407843,0.0,0.25662317656676054,0.42918225549530215,0.0,0.045065247287809654,1.1921075757088329
20902007,,,,,,,,,0.050731442202878174,0.12400758187868566,0.0,0.1261172526261697,0.13377436160533407,1.7886223749019803,0.19437322089452017,2.0167201639973085,0.16597677232634667,0.6523285010211873,0.0,0.8071973148545282,0.799659292164584,0.0,0.05227903730953473,1.5111883220364004
20902023,,,,,,,,,0.20875195235479968,0.18898589776572045,0.0,0.11979468024978997,0.19480399176981508,1.477257286632593,0.0772426724300395,1.4976444785501453,0.018487540566514023,0.5713006898240501,0.0,0.5320711600725915,0.4031823600886446,0.0,0.11370539018074455,0.4338466420068601
20902031,,,,,,,,,0.30106108748232885,0.26036541731587004,0.0,0.168925361197266,0.20961117560689646,1.2332252204866896,0.16194252431817108,1.2360812708318463,0.04499529267474173,0.8597585940592045,0.0,0.3809544228763931,0.2980796695739382,0.0,0.0737253367194916,1.6059082359581018
20902048,,,,,,,,,0.38522825433997604,0.017836134324314586,0.0,0.29162187828888014,0.06797591705889723,1.176194428371999,0.06220363062665311,1.5187847125721232,0.53509792064451,0.4296120860640951,0.0,0.36249747110056035,0.43013911066879473,0.0,0.16081535143800932,1.0736150987961122
20902059,,,,,,,,,0.013064817711710941,0.05676318784700489,0.0,0.20807791282002122,0.09288741381207696,0.012583057392117928,0.052546991207355044,1.1977800601365425,0.03508857015886878,0.8644574677333106,0.0,0.43485244754523694,0.418669163433978,0.0,0.14223416525640067,2.0225812629434157
20902062,,,,,,,,,0.4136103373827274,0.030693617206665236,0.0,0.12058666050201267,0.0631618139399941,0.7197684812956641,0.049177538134889225,1.5727137620373735,0.10727666935880706,0.5068833728117309,0.0,0.3538874879766305,0.26231255755872357,0.0,0.07664420598059882,1.6357011504294952
20902073,,,,,,,,,,,,,,,,,0.20925566631766793,0.35329794734929626,0.0,0.5176065252365413,0.4195192129032537,0.0,0.073722948205183,1.3490977922363954
20902086,0.0,0.03473346585408806,0.0,0.20451950693643348,0.11950060279122052,0.0,0.03771597830127763,0.917278791104082,0.6138324139049378,0.09741202092911741,0.0,0.09347177779438332,0.11186595321790124,1.529584148279089,0.17020751047467048,1.5437199356701288,0.22503199337643584,0.7396143451079902,0.0,0.2602740247408573,0.37820836035740857,0.0,0.07760124734342803,1.5079443160440358
20902008,0.6342304143816553,0.23473056146717639,0.1885912687975417,0.36780330439632636,0.4515998969197233,0.3441414437892265,0.050809910978132644,0.0970180668613988,1.370531108892376,0.054495374125251954,0.0,0.08171385127288879,0.20722878018532656,0.4701418225741391,0.06467084747964374,1.7965351683487039,0.45516849123105624,1.015842460895881,0.0,0.3125381995627962,1.228274757834818,0.0,0.1409135661603765,1.9937087739910653
20902018,,,,,,,,,0.12112552069732745,0.13304467129050462,0.0,0.24644252208626263,0.12780129638944293,2.033136602504722,0.0054585943014150585,1.6863189367845088,0.08665211419757209,1.314307573932441,0.0,0.6242470455915144,0.37088747031404784,0.0,0.05721553729388277,1.3329449105555509
20902040,0.06794304969327196,0.16498298344694293,0.31432467291003424,0.13182983993712458,0.14984714621230122,0.21517434791350012,0.06674672200694584,0.09325740744696503,0.18894941150355998,0.12153359943966896,0.0,0.11368086030374455,0.30780106585101563,0.6293038481793459,0.02492871008000644,0.9855800040492766,0.14098799508933646,0.9296866792340358,0.0,0.6119646758442178,0.41181246731570936,0.0,0.14991699829527871,2.140148231961276
20902052,,,,,,,,,0.10195439041337925,0.07659647170473197,0.0,0.22331628244783103,0.21750193866306075,0.37013511046643494,0.15002420700744584,0.7678921523765884,0.043454997002239794,0.7835255250483837,0.0,0.46857520987698326,0.3615229934424334,0.0,0.11340696630528026,1.8099860581694334
20902053,0.7758649797751884,0.2671758562216492,0.14135705918636737,0.13651884792582214,0.229382650863097,0.5983036626390255,0.07154139613572168,1.2714561755609326,1.3756510550198757,0.08105801179450654,0.0,0.1236096588262078,0.10601136606015957,1.3070705158228202,0.1003363275598486,1.7574687861645844,0.1770886756774636,0.21323549042549145,0.0,0.3867073117961864,0.13779831852368676,0.0,0.06771244651301643,1.5842141080073286
20902055,,,,,,,,,0.06384800548872992,0.0540632315167178,0.0,0.12616548552160198,0.2553627634329086,1.587794217205264,0.07198381337650583,2.5938110145358717,0.035957290529752335,1.2678332964944383,0.0,0.6480235547388736,0.4166274437551275,0.0,0.12087659711033955,1.5118542571908344
20902060,0.08359921161243362,0.16464198852869572,0.4292784644027697,0.1485772321700031,0.23576020937535758,0.6553472362038312,0.1442435061942938,0.05817470293493901,1.2723050723637899,0.05004569584042066,0.0,0.13474014861436226,0.16495400492867618,1.5549353071828453,0.11733811331542954,1.7056711081686113,0.21540305428657291,0.3684464481178485,0.0,0.2644652077922315,0.4755343921709047,0.0,0.12372714194451241,1.6101798503122258
20902061,,,,,,,,,2.0687268935832632,0.05269285740651073,0.0,0.0867647580682308,0.07079357551553495,0.7737092817276906,0.0789907938550578,1.4293085113567936,0.4323707686922354,0.1981663376968721,0.0,0.23404981781999884,0.16942386850492513,0.0,0.12262477681288955,1.4138747364560924
20902064,0.5582498859493827,0.15115395674138166,0.1854210138602214,0.24076954659786853,0.2663992799401597,0.5552691325148639,0.07401109231326941,0.07646471159693312,0.37702292631140677,0.042615896417844246,0.0,0.12490896981430617,0.22854731318799543,1.629033455764491,0.09065300842025545,0.6642560979043861,0.42044096771749884,0.36800511278046183,0.0,0.49739848647878526,0.3635932869136572,0.0,0.07846470283156172,1.077568990294342
20902065,1.750123802982954,0.32022464102779286,0.5389032071408247,0.14865438768402317,0.1300745752928527,0.5968500649241818,0.09237503489526709,0.06159556485330512,1.7075208936058066,0.1053943988596162,0.0,0.09491244492567494,0.09901509881224613,1.4611717615210973,0.09020911228970079,1.4121831957619322,0.8695772724476559,0.4342306390144393,0.0,0.20933106120082826,0.2486083026059582,0.0,0.1606985781622344,1.3461930002860771
20901992,,,,,,,,,0.3021508674258725,0.1325533384484033,0.0,0.1481972036085982,0.1476901542184761,1.028482825854143,0.12872453643524676,1.7068683636247057,0.04765060644328918,0.6549215455065533,0.0,0.6065900123555322,0.25541803329571555,0.0,0.05245566858912667,1.4621916162887356
20901996,0.01521401181474564,0.1847170841218899,0.5411561696959576,0.06159061852486126,0.16664186735238548,0.7117443361207731,0.057499241624855035,1.4014068643192918,0.08563083862190629,0.071232730192943,0.0,0.13343194908190495,0.2258521832578518,1.6785410331594517,0.08224453237981465,1.4849567162261814,0.05224549222901054,1.0860581236954352,0.0,0.38915162523374663,0.42410010983105867,0.0,0.13697589788598571,1.4881904149851455
20902002,,,,,,,,,0.7102314841071257,0.23127338544914938,0.0,0.11657985438884405,0.14797578614792714,2.2156037551872854,0.03828867477266198,2.4810638590794647,0.278245326734743,1.735185719543225,0.0,1.6572932683100927,1.0824784334559034,0.0,0.1428483763319638,2.5635425988450087
20902013,,,,,,,,,0.3427126416269349,0.11462489267734176,0.0,0.2207630298774744,0.15979551965528532,1.2032123669577204,0.21973455695837374,1.3842511389806125,0.05687769118908,0.46405263720811,0.0,0.6510708659295604,0.38745429786415486,0.0,0.12150087805602608,2.2594191362310387
20902015,,,,,,,,,0.8540492423375846,0.06770183737484854,0.0,0.0987887206840425,0.1185352590016595,1.6777067681809,0.09695688972866469,0.7622902169405578,0.3541985128911846,0.2632870528597474,0.0,0.5872357390718617,0.8109981436978178,0.0,0.0640235872941053,1.4217547497755343
20902017,,,,,,,,,0.2672453089510982,0.09418329662164014,0.0,0.149589960795235,0.21543227113588556,2.059736768510859,0.11042028082206595,1.5823505458692309,0.046162413208911304,1.0676536785373145,0.0,0.493675317052537,0.5415002330259949,0.0,0.08648785478056227,1.8477469092367529
20901998,,,,,,,,,0.023189971700705077,0.06211746201994158,0.0,0.10809190031529264,0.12691741691560587,2.0298994227957863,0.09196842392262697,1.5236746946368114,0.11600738326153275,1.0047576674683345,0.0,0.5558415296579657,0.5961202039215121,0.0,0.09531474339353814,1.475469117356766
20902005,,,,,,,,,0.11015691052412126,0.1522829946244679,0.0,0.3062746271562189,0.35418513218137704,1.7279901620090319,0.10209093248068805,1.9237475480776927,0.08090298868398982,0.4725626777443823,0.0,0.41947419994743396,1.1361680743396416,0.0,0.011320383904543927,1.6093142781344811
20902016,,,,,,,,,0.16804382412557284,0.1398497830014803,0.0,0.09335113494171587,0.2473314952589954,0.17365297907855523,0.1761617659296489,1.9198183326724283,0.08516136982497764,0.8729991846667008,0.0,0.5812485410284647,0.5540542930668213,0.0,0.043726734637226906,1.4625260606161317
20902051,,,,,,,,,1.2413070155201233,0.09683518976814195,0.0,0.12587981049950916,0.12558301701957886,1.2300792880725433,0.07257524329226307,2.105575637727671,0.14923550752543027,0.2732470090630903,0.0,0.2774788864156759,0.24291942313981876,0.0,0.039348003270974194,1.383128455266024
20902054,,,,,,,,,1.2015141078258291,0.03615392735758819,0.0,0.09515240501725615,0.05706224034665143,1.8401751124402386,0.12038589744851082,1.768092717585717,0.3561608503607658,0.6479312724416397,0.0,0.3994880054505528,0.21762134809676265,0.0,0.03319438506701805,1.5228657722766252
20902063,0.8343718525040545,0.30850663488364116,0.36621617347447366,0.2349744135292457,0.22079831232115912,0.26273288988737475,0.03923722538396445,1.1312756183806951,2.660161014278436,0.046802462276433025,0.0,0.0854981859729375,0.18340301831819708,1.0130942700459815,0.05880127198329664,1.3140800834956492,0.4625896141959593,0.4641473639112558,0.0,0.6904281867343159,0.1992753653487376,0.0,0.12349750545040183,2.4367494531890115
20901994,,,,,,,,,0.6583861359614778,0.15462363133130042,0.0,0.11626800311477221,0.11939915244378892,1.6259397282802335,0.11193265057574124,1.6889549346928319,0.6391276426309791,0.6406803729271795,0.0,0.2605060244163893,0.2406125958532539,0.0,0.1096475493997507,2.033011863859653
20901990,,,,,,,,,,,,,,,,,0.07862182537784013,0.9558013422162803,0.0,0.550586467676477,0.3422874580483606,0.0,0.07457748550382577,1.5484300856142332
20902001,,,,,,,,,1.1548861988171328,0.10667174255280132,0.0,0.1371264741194662,0.04984332779976878,1.8984269804235296,0.16570871066738727,1.4610908486348988,0.20764237994993678,0.2895739614300693,0.0,0.9288013281708024,0.8790858154316865,0.0,0.08200967088441245,1.6208784540582368
20902003,,,,,,,,,0.2473765263991524,0.08825734518251635,0.0,0.18195330189267384,0.10247042541849141,1.5300465431621433,0.057931808549288366,1.5970102855036576,0.15870928476942844,0.6952768180166049,0.0,0.30347524949345706,0.23209703568128504,0.0,0.04556258939265429,1.5747531457602169
20901995,0.018120419831227256,0.17439700535545308,0.5773502691896258,0.06285997403460292,0.20773496552249515,0.03055050463303893,0.06726221025580126,0.13843375811166314,,,,,,,,,0.13636743732046483,0.5676339387287429,0.0,0.5605156121534652,0.8993017452244606,0.0,0.15188791724848993,2.543183603042698
20901999,,,,,,,,,1.9270263629309963,0.053706260932545026,0.0,0.09456297383804184,0.13474304783719504,0.37493703175036974,0.14187088281060406,1.7248179994101935,0.15134839964314176,0.32484016365340873,0.0,0.3048250996832735,0.4994363829897361,0.0,0.07471119006071492,1.6736330972472397
20902026,,,,,,,,,0.5509592162854395,0.043852974370586856,0.0,0.10953808901245767,0.1329800574541766,0.4033077520419646,0.14432908549857335,1.0666387394069956,0.1758132499983606,0.28692566857312174,0.0,0.3209608305893776,0.3152700241378053,0.0,0.04235823727026165,1.2516340372765697
20902027,0.1169879491128314,0.23551262654146754,0.1316434578701121,0.2506806710415617,0.11809124847496137,0.03209361307176246,0.07833706183682937,1.3847051859554995,0.038670796900987625,0.08859855233430453,0.0,0.18734751227902746,0.09278186533280428,0.29500000000000004,0.1693063757838955,2.260212301236893,0.11921649124692209,0.4658617307893906,0.0,0.5337529283022812,0.4886629903565878,0.0,0.039661150962245685,1.1837429011012737
20902030,,,,,,,,,0.10657077026589892,0.09907556435217131,0.0,0.1635666891377473,0.2098434787016297,0.612828143392039,0.033855952091529064,1.4652342166622698,0.10170674738634418,1.0818766390511299,0.0,0.19352003154069516,0.327781673255634,0.0,0.07534661088064135,1.9126744304454601
20902049,,,,,,,,,2.960010097716405,0.06810146197091799,0.0,0.11773873548805529,0.08522120529911023,0.7241820098106091,0.09210569125758751,2.134305241570289,0.3851346402210103,0.20506251379112922,0.0,0.13062736454377202,0.18206394212223664,0.0,0.11939851010787385,1.8853092488303118
20902066,,,,,,,,,4.976850860699343,0.04926734330072859,0.0,0.06455614759799545,0.12541836722609398,0.2566376410191591,0.10884775747515088,1.6427574095603494,0.1863629439693968,0.2216042736889154,0.0,0.1131404306848617,0.13778578334440278,0.0,0.05282862663964163,1.6275618206127127
20902068,,,,,,,,,0.2752957111238646,0.08233045441308688,0.0,0.10160747197064142,0.12563351999577063,1.4604743936630502,0.09853889486575608,2.23894734224727,0.017812098362181183,0.8080759606333896,0.0,0.1739652432580253,0.19850778105923833,0.0,0.03598361433002267,2.24314477809017
20902074,,,,,,,,,0.19693715120478927,0.05125756493915032,0.0,0.08628317811474003,0.13235469340246506,1.8655251079981285,0.055352718394433564,1.2058865785063173,0.07155667391636558,0.36116901681412467,0.0,0.36708608344409827,0.46091719293220906,0.0,0.0640355830993814,1.8053919010247748
20902076,,,,,,,,,0.4398103153171658,0.09959340296916395,0.0,0.05722890418044766,0.12354209165335749,1.523062107012771,0.14093221286808738,1.5774615545126986,0.20363404813995137,0.49963659202841526,0.0,0.5608621934940016,0.4210114833311709,0.0,0.08866372116727242,1.3780274854928574
20902078,0.06863275703452539,0.05891081049983257,0.025625508125043415,0.19779723700510654,0.10587021524180393,0.08010409893798612,0.1109669650353191,0.327782383117809,0.792701617494663,0.103122908397593,0.0,0.08217006972302267,0.1531152759086577,1.6494899644608763,0.10917197505343473,1.4689520205503837,0.2245388293501743,0.7780533238333444,0.0,0.3642086431424807,0.538859444846093,0.0,0.1386789578989756,1.6294398215546546
20902022,0.5342275298271703,0.21343886729514863,0.602522475376092,0.28508596425474925,0.13968163845224546,0.06027713773341708,0.10722478270930035,1.1636116212312048e-09,0.8550803789816136,0.043900802098919736,0.0,0.048367282358737995,0.057667536201792435,0.4834563061952961,0.08776204109428147,0.09707046195367865,0.5311567434690505,0.8455440414237119,0.0,0.3471080973778207,0.5256280682246028,0.0,0.1149597558802413,1.854523312783664
20902032,,,,,,,,,0.10308855581917842,0.09421631209234042,0.0,0.13877865997822317,0.09537181465130296,0.0,0.11887477202685137,0.2346153638836768,0.04240663557488329,0.45994850156825184,0.0,0.285345907265303,0.46922967077099503,0.0,0.08030424414672391,1.5684604742356818
20902033,,,,,,,,,0.12555109625750085,0.07449142637297304,0.0,0.22861395293172998,0.29849519953409703,1.8041565764591918,0.12071014248233598,1.466064923392365,0.07514442538278489,0.8423981930880985,0.0,0.4311378294440896,0.4449191452360838,0.0,0.11240079859625184,1.5680151543631384
20902037,0.04546560198068618,0.2596714818182288,0.0,0.3033421120022992,0.191732450663692,0.0,0.09728032177506284,1.7470048230417152,,,,,,,,,0.1644780698643903,0.6682443169032841,0.0,0.6352859668327535,0.9142772241536301,0.0,0.1061557933419941,1.3886849982882137
20902070,,,,,,,,,0.4377323364302513,0.08066900318737105,0.0,0.09182453285315785,0.06918906694348076,1.255866234915168,0.09478467312833967,1.691382000439569,0.1266684302739332,0.6827791629602125,0.0,0.24399753148010223,0.1934638669427184,0.0,0.12815959349899303,1.3911519310766685
20902071,0.25879715464441955,0.026488599347779106,0.015275252316519383,0.12781892080823623,0.22934381758011926,0.871856257265688,0.016168114704832117,0.13248258766866505,2.4575068697364477,0.11546845418072771,0.0,0.07328059565955433,0.06627382763292908,1.5371402018033362,0.06904497863941905,1.8890308547122607,0.24949097908747242,0.3825180471921347,0.0,0.23424236832339942,0.13862943312073692,0.0,0.10131682233660348,1.5108804473502766
20902072,0.18989655606677583,0.09731290843732855,0.5059891303180336,0.06646286924379306,0.03364969280106787,0.48596124674024505,0.11360742215435093,1.6891965500087285,1.3348881588686843,0.050035534260444166,0.0,0.07992681236720141,0.06984087096007852,1.7694707306611959,0.11873922887093166,1.4703037327954778,0.13969836999899218,0.35327610099596407,0.0,0.1450949249787184,0.23032383534015782,0.0,0.13268149390326317,1.4540301892631315
20902079,0.28160000420663467,0.86509055479561,0.4153404534929054,0.8683857853751114,0.8322589413477633,0.7245635290934176,0.12910011240133637,0.795513218914293,0.6206490054040862,0.13670788381624555,0.0,0.14815059110142928,0.08730534799355887,1.6694684277664675,0.13844494391657486,1.9527074408649308,0.20441458870588664,0.7361931631955947,0.0,0.26290359740731617,0.30114617327740967,0.0,0.13398369828744003,1.5554825982972018
20902083,0.0,0.05403186625109673,0.0,0.0540318661659492,0.20937348147368326,0.0,0.1424080575978847,1.9889972250339755e-11,1.2218373792663937,0.1116396601428536,0.0,0.10354770483682764,0.11991949733232211,1.2370874202275624,0.17315197187684778,1.1974003988354973,0.5528704056744357,0.45867001322780737,0.0,0.3369198607401885,0.23886541082567003,0.0,0.05113802798456844,1.341945359692917
20901993,0.2495922033625634,0.19299746414008945,0.4044043238429297,0.2905636722388028,0.3766892042824034,0.609412773554533,0.060589648018594115,0.06919459075543147,0.11907133355416336,0.16126101607442447,0.0,0.32321600822174856,0.220555101699796,1.9483676928820872,0.014701390093540288,1.7287232446285845,0.17957930177684348,0.6765886625681975,0.0,0.7171607078164155,0.3354062851463299,0.0,0.056885992654291735,1.5331360735050557
20902010,0.36714377933547543,0.05733634478189479,0.215476216785055,0.07383005036483649,0.38697876955210875,0.8125269226308751,0.06793285658186411,3.4098560243241667,,,,,,,,,0.14355418135729175,0.26414809989808397,0.0,0.7009509870687638,1.0365206239952114,0.0,0.09394175443076365,2.2700266807926135
20902011,0.10109260028632591,0.20824759289817538,0.2530951261030976,0.27084938751709403,0.17656544827622214,0.6800455166839237,0.08185680411544287,1.1275741333050706,0.15677169724054238,0.03838539712278757,0.0,0.14688833309694502,0.07588070527639675,1.2888134077514868,0.17957572162490337,1.2847778927847022,0.23760300292232134,0.5886185027190781,0.0,0.2741198766594431,0.2763473538215961,0.0,0.11858116339790574,1.8227436972881765
20902014,,,,,,,,,0.06202308755722543,0.08703882960231661,0.0,0.19885239239350666,0.2218354609735222,1.7546167672742674,0.05666697124033492,2.2016781506209706,0.047286670612835216,0.3570234231079459,0.0,0.3325289310312206,0.7286662831132933,0.0,0.10867147385471937,2.3346399580444213
20902019,,,,,,,,,0.15150780184843238,0.10493152815463562,0.0,0.0914755896254658,0.04991709036286905,0.6945030197518542,0.08429214441263341,1.6992753960435727,0.24834185899227826,0.773378372371329,0.0,0.23454732881659976,0.4769465025707495,0.0,0.12317482658093588,2.08724547541221
20902035,0.5430502508295583,0.26583785565829593,0.28115831839019106,0.0769047630712555,0.23336059863471792,0.6663482572949374,0.22538761512715497,0.8186241765460872,0.5911080574781857,0.07070879127183273,0.0,0.08134289897024574,0.09378361376390469,1.8982611090403865,0.05566977112666386,1.224413156499316,0.8569214732969248,0.582736191168113,0.0,0.4561195878347035,0.298622483753956,0.0,0.11547068317672454,2.1960488969575036
20902006,0.061961838930355395,0.259761292937514,0.33275980963615626,0.2862599529851325,0.22155629329937473,0.2560788230923511,0.10933388807845933,0.13503958432515764,0.20577360329194724,0.06591131827831134,0.0,0.2110985762919678,0.19223113671449552,0.7393465583427932,0.06801116854513473,1.905754174005048,0.03790349411082511,0.41107996148770015,0.0,0.5397415466583704,0.603249919084368,0.0,0.11623757642741761,1.4971437530490037
20902029,,,,,,,,,,,,,,,,,0.022917490712782,1.1249569978677287,0.0,0.6124557489084985,0.3466912615751625,0.0,0.05010570655268143,1.684693160467619
20902012,,,,,,,,,0.7847289793853848,0.026427972367360157,0.0,0.13472257681330957,0.16523993844390517,1.2930712792933472,0.1016831920752299,2.314585116130372,0.07964098806037682,0.22942224612658804,0.0,0.35133301101112074,0.322767729429063,0.0,0.016610120502052204,1.2331725662868247
20902043,,,,,,,,,,,,,,,,,0.06855865093675706,1.0655901120874267,0.0,0.8483275624503029,0.8702580514076995,0.0,0.14978551486335293,2.0125261789744386
20902046,,,,,,,,,0.05305457176231057,0.09340690914686496,0.0,0.1730807647015715,0.23644047146157357,0.1636391694484477,0.11033390200258698,1.716866920789871,0.05866781344880102,1.1723305585146888,0.0,0.5687900838834234,0.6144140613024288,0.0,0.1063750472981915,1.5181976131346406
20902004,,,,,,,,,0.38666734262982977,0.23573767517373986,0.0,0.416417914081875,0.4349959130612755,1.7950116062763124,0.08433503171411001,1.2031944063441042,0.15937092291800622,0.4516201816229296,0.0,1.0188493801712353,0.6283037994480416,0.0,0.07671510948679221,1.3164863016523987
20902020,0.49260613798804176,0.29569891206018145,0.5193402408000807,0.3510366582655515,0.41238173129622874,0.1005698051817031,0.0577593152550376,1.1581476806336473,,,,,,,,,0.39294773024116875,0.42174014259177733,0.0,0.6264017812279632,0.743127455610289,0.0,0.11237989790835098,0.20539031622129472
20902025,,,,,,,,,0.09140625000000001,0.03026656620790763,0.0,0.14221803024257382,0.040781971356165465,1.3714347718113804,0.06212379983638158,0.28242871080160775,0.05786559270281136,0.48970695098174394,0.0,0.42397122835957113,0.357332338176962,0.0,0.13103290962147518,1.4386302881695698
20902028,,,,,,,,,0.2537054958027032,0.032719199395307305,0.0,0.29885393156444584,0.10285700912343478,1.6116699413961906,0.0434725659271399,0.9224918399255594,0.05824735520144728,0.8756011803746734,0.0,0.1953067940948714,0.5403269839215269,0.0,0.042733579684559535,2.7280403169563883
20901991,,,,,,,,,0.5656653924354108,0.08090936427018929,0.0,0.2033400486764964,0.07676460623323834,0.8158577140186943,0.12716855949038922,1.5415264453279434,0.12295270929211738,0.12352133312485822,0.0,0.3404767094948325,0.45609011838472874,0.0,0.03232050308401004,1.628988810215735
20901997,,,,,,,,,0.038618647334708656,0.07789736951347279,0.0,0.22923146192193855,0.322501592070653,1.4916475790212644,0.09724616398165084,2.4782989303833385,0.11261623054578282,1.4665857660065154,0.0,0.682810274290979,0.6016568074708717,0.0,0.069198465943003,1.977348613170059
20902009,,,,,,,,,0.22688968372510934,0.07984958424027018,0.0,0.07762557566157735,0.10848227102805343,1.6740579440389751,0.045827387259607805,1.5303042428278995,0.07254014180165425,0.5848137107066644,0.0,0.460214386799894,0.4839165880144704,0.0,0.13873883438945464,2.561831412319495
20902021,,,,,,,,,0.2309533570325718,0.22240430111091836,0.0,0.18018340577126613,0.08666748199823478,1.789043506085491,0.15033277511601703,1.572759965210563,0.11541832130452212,0.5026728112948834,0.0,0.4638127526863301,0.18626463776146499,0.0,0.12429152153470241,2.1610662584591958
20902045,,,,,,,,,0.09357665877191754,0.11089035628131881,0.0,0.1711684175575589,0.1559040735299448,1.1098580990378906,0.10946859164348442,1.7430488231050376,0.0372569964146743,0.721064799054332,0.0,0.2064562953242454,0.35940935271316166,0.0,0.07259094819971607,1.490312103715635
20902024,,,,,,,,,0.34718071812809137,0.042509927855241346,0.0,0.3009765714779869,0.2465823021362181,2.113402469952186,0.08220823829984304,1.3221167474066242,0.3153588789638221,0.8333393572476926,0.0,0.640436916467781,0.6314021506751424,0.0,0.1315228953992795,1.596582663480146
20902042,,,,,,,,,0.0,0.01999771451502896,0.0,0.024405172840171616,0.15168588129685256,0.0,0.038068396484112206,0.9619835351865789,0.14471869710172522,0.7169240323826495,0.0,0.2617773416747409,0.2945082263735587,0.0,0.10409100090682319,1.4980871400778848
20902056,0.10935591035753799,0.15061024189054348,0.156204993518133,0.14701014965710527,0.05092069350167566,0.1743559577416269,0.1440154491561113,0.04735664949815144,0.10969535010928298,0.03817727289529559,0.0,0.14300388042691412,0.0784150449640803,2.29128784747792,0.06726768541942926,1.844549189331892,0.04554478339733076,0.23395756162273865,0.0,0.8451508309018083,0.21123032056748842,0.0,0.05496727469559428,1.576356033253265
20902038,,,,,,,,,0.4150214560826599,0.06869336234867121,0.0,0.1256623130097907,0.0946266686962416,1.5215108406104894,0.22612540153534175,1.3078599618319087,0.15657871265057643,0.5383659664094769,0.0,0.20859038168685332,0.4244716743588331,0.0,0.13672167949541442,1.6466359652357747
20902041,0.17112532024249888,0.3056713182946969,0.7579797710581287,0.6195432601691665,0.1443395454000672,0.7571657678474377,0.07968525013922456,1.688588614843744,0.20880985928341977,0.12032759239055789,0.0,0.15587431825396128,0.175310985181876,1.8100644555742575,0.16727685906162507,1.2715769067262872,0.12600679102386608,1.2905456389947987,0.0,0.8801108845093935,0.29106761483716037,0.0,0.12687141849998854,1.3136235974497656
20902057,,,,,,,,,0.4332688594707087,0.13600694946539077,0.0,0.14247176230579187,0.12024771061109829,0.2877962242050209,0.10786070757313493,1.3776556942099951,0.2895415832278013,0.7711892709637017,0.0,0.32302528993620383,0.32193644309333896,0.0,0.12093573232691862,1.6348443650664344
20902069,0.2375355304894494,0.015229411073435528,0.055677643628300154,0.05029900948941278,0.20041452886130912,0.04163331998932266,0.06451101036226987,0.06568926425046691,0.6101948979173064,0.06520988018070345,0.0,0.08920798302387427,0.06658856366590489,0.5464064421289339,0.08258676916279001,1.7046858907519529,0.5848249009005791,0.3751788692754502,0.0,0.18007260045715945,0.20950657513320026,0.0,0.2037760201500735,1.5189763052681848
20902075,,,,,,,,,0.1390890980047363,0.13560600338320822,0.0,0.13800211311275412,0.10116320988368056,0.33499999999999996,0.12799755270447746,1.0797239974180088,,,,,,,,
20902080,0.0,0.22923762795391062,0.0,0.2753072614330235,1.0912138401599663,0.0,0.14081467913121945,9.613858923386192e-09,0.18622498795083503,0.10216412280719643,0.0,0.09766880492432935,0.11105549397287459,1.2168337328219223,0.1343799226128503,1.6457032170092982,0.07167673837066085,0.32592461992151844,0.0,0.202954290334829,0.1815565733991868,0.0,0.13436353445180557,2.3021692959920155
20902085,0.0,0.06303813635159475,0.0,0.12875880677000806,0.11577280250590027,0.0,0.03582893375493283,0.05118655656912984,0.29594975411190566,0.1732339058557622,0.0,0.2170147213808156,0.20225655664353198,1.4389785544972624,0.10108694040187874,1.3205259390764867,0.13525316449925123,0.5002926764825337,0.0,0.4328702418970089,0.4340155975826345,0.0,0.04400289661324172,1.4103690054608802
20902044,,,,,,,,,0.24289257891239385,0.07910264832594273,0.0,0.06730842766886297,0.07034158068205305,1.9987472266873756,0.04184658096692886,1.9692982500190128,0.12037108987646418,0.7122173316580336,0.0,0.15922685577458717,0.20006985128096325,0.0,0.07038724691532793,1.7409310607228043
20902039,,,,,,,,,0.3698435989342877,0.043273791160625574,0.0,0.14260878641844993,0.05684855308986709,1.4149482575092884,0.0775299301438672,1.6864159000094758,0.32092642111989966,0.8470924243646145,0.0,0.46998626447451014,0.2625090523758892,0.0,0.14810433525713637,1.9483132008250523
20902036,,,,,,,,,3.300546934711659,0.10994891085393035,0.0,0.11488375438830459,0.08723968253421865,1.9798893449336552,0.10200227072877366,1.326521397766294,0.30439159311298275,0.6121826204307228,0.0,0.1994624941883987,0.1921080123198764,0.0,0.11746307695333827,1.1450954979954517
20902081,0.15645966767589958,0.05269032777104862,0.011547005383792526,0.10495298532711307,0.06348172933384562,0.08082903768654762,0.05106363413259512,0.04116938396739869,0.6643153517705472,0.08698863694579662,0.0,0.1007433790352287,0.13903427741446367,1.573989145472534,0.14914510776446327,1.6013049061653992,0.16433173468427273,0.9412406553573506,0.0,0.23775204802032635,0.3520434509275876,0.0,0.1442626810928059,1.6788390089811884
20902082,0.0,0.05023805292834157,0.0,0.2544793629084641,0.1264223008538495,0.0,0.1864307477863688,1.1278379128691791,0.1274622381391842,0.11604611889314713,0.0,0.11032833706018899,0.0762745323972996,1.2807362191949965,0.14091039930077284,1.4032262857686586,0.14216156181201534,1.026583425474328,0.0,0.2533102568957389,0.32575545079970175,0.0,0.14395759220128707,1.508357445797125
20902077,0.02106897777945748,0.15366530721648738,0.18803495115840263,0.13491144092523688,0.20484313425996437,0.11716898663286042,0.11869472357441219,0.2737490298672696,0.17682347721231212,0.1101115440239969,0.0,0.14986237756366966,0.1588923371569846,1.196309503670112,0.13807279457177882,1.25732202342492,0.12867847510358627,0.6327866621295327,0.0,0.535088865760067,0.43844091838034643,0.0,0.0656033224009213,1.4221957071532871
20902050,,,,,,,,,0.07270924808528845,0.05223760669153973,0.0,0.1433364310523865,0.1413150385807258,0.24899799195977462,0.11126035600629101,2.2325488530176605,0.7708867105366889,0.7990782868528226,0.0,0.4527825755180461,0.6118194819014432,0.0,0.17163961018300194,1.3169462209646732
20902084,,,,,,,,,1.12984813435922,0.11006154875345132,0.0,0.16028788144410291,0.1076152018913523,1.1604450074797232,0.14166817278877952,1.62960630486753,0.24870556898866586,0.6068598774579164,0.0,0.2973050476453578,0.36971655613560667,0.0,0.05633810431771581,1.3806144106389402
20902058,,,,,,,,,0.4026287789158127,0.06304866289552623,0.0,0.09363607150283403,0.1125778957841795,0.21748563170931542,0.145807840033149,1.75217173874937,0.09308492136288882,1.0517621943644038,0.0,0.6263112019509116,0.37161744387387846,0.0,0.08896774206061225,1.9819533052973355
20902034,0.8440625846784602,0.06395490378000289,0.682226746275264,0.04221156858495686,0.5677956114795419,0.1,0.04340618177638511,0.11660137738340418,3.640816419205188,0.05768025571425248,0.0,0.0882244978154729,0.1417317158647846,1.7307419731946694,0.1367759283207863,1.7002026538204884,0.7600398003564024,0.5248135133766226,0.0,0.5178972562033538,0.5857016245721829,0.0,0.07379957296927221,1.5653018831759746
20902047,,,,,,,,,0.1791986972584657,0.04454113208413696,0.0,0.07137700843669513,0.15887805521147638,1.67051189759307,0.15589474544929094,2.0978460550458604,0.09587058651570399,0.4654047751537816,0.0,0.5053201741982677,0.2709796343507148,0.0,0.03872161156266638,1.5742555316399907
20902067,,,,,,,,,0.8052527359090217,0.04295339938767696,0.0,0.07981936403823633,0.0924252986569859,0.20055874332426776,0.09850207978930672,1.1197741088333313,0.3891324102258007,0.4615065330474097,0.0,0.10953452319238291,0.3109566410946631,0.0,0.15584013079253908,1.4335360652449458
21097008,,,,,,,,,0.17988491716937505,0.029573695536277627,0.0,0.09652536428291866,0.09525246344266,1.8916077817560382,0.05966158195208688,1.6639786503276945,0.09401064763151855,0.8202425439357433,0.0,0.41268054833084206,0.7239250686572627,0.0,0.13564499401305016,1.424247833894913
21096966,,,,,,,,,0.22733702751622142,0.08660333508844618,0.0,0.08234542138565853,0.10257378936906426,0.19930832778338572,0.028864309729127662,1.7415081160349022,0.007878283449792554,0.28818300974712735,0.0,0.3125334374996018,0.31647634399171426,0.0,0.10494941894337474,2.498683978236164
21096794,,,,,,,,,0.3412356537468702,0.16643872187379388,0.0,0.13149062926244023,0.16824027811367387,1.3519985207092498,0.14215192298066567,2.0276973006486885,0.05882132292277268,0.5120315656068832,0.0,0.27664394408898607,0.48342434598965467,0.0,0.0984940072417275,1.5405693941265235
21096824,0.10370418962839427,0.03981990339180769,0.5773502691896258,0.04755283309298746,0.3217461101352921,0.005773502691896262,0.07194965612067729,0.034543514942896,0.18803074783360588,0.10936204743701672,0.0,0.13941366495317287,0.2744267989562458,1.480312467014988,0.15095002074296765,1.0234662235540257,0.11402340862120555,0.6909991513684605,0.0,0.6078660305482325,0.4095913330623552,0.0,0.07567100337412362,1.6120534409737743
21096992,,,,,,,,,1.3252783337904277,0.06408385505262289,0.0,0.08432050400791062,0.11494201599884037,1.2447204870608866,0.08367105534441036,2.1208624504412334,1.014336843344369,0.13867300293782656,0.0,0.13098966066564444,0.3853977593125903,0.0,0.052026986741793936,0.9192489650100474
21097001,,,,,,,,,2.844957388272591,0.08844701461767303,0.0,0.0863319202895967,0.08993171380262645,1.892926683358716,0.04704128708975097,1.5498058785963793,0.3699263144144514,0.4218027205022871,0.0,0.30863247746772726,0.3593671027857688,0.0,0.13981057770566838,1.199845112294645
21097016,,,,,,,,,0.08161628664298037,0.037113869954078074,0.0,0.11928522346237781,0.05382717182132591,0.5843543445547402,0.07990338535011955,1.6282403633575164,0.17023489534977843,0.910728464947008,0.0,0.44461591593785577,0.34860184970052466,0.0,0.15755705358484184,1.577951466161995
21096853,,,,,,,,,0.0,0.04376927471975478,0.0,0.18194257561650626,0.12626601066264118,0.0,3.3949018062774735e-11,0.08649278419679496,0.05192483547654807,0.5944925323826991,0.0,0.5613625151470428,0.8909625816549742,0.0,0.08971609360892434,1.7806312733210947
21096836,,,,,,,,,0.29531512453724856,0.16261768003629085,0.0,0.08489713718608495,0.09996775023332632,1.703580317283543,0.16055926266542608,2.3184037630400103,0.024787155468932353,0.9386388722066449,0.0,0.3899228169243892,1.0068905432745718,0.0,0.10691698303480127,1.6123700253827495
21096811,,,,,,,,,0.577505127339081,0.2626281823843825,0.0,0.14676614463224485,0.23948815000937315,0.898392503813946,0.049479049200107365,1.3576464825680847,0.07721024082945238,0.9028649364213124,0.0,0.5028763459678811,0.426634268925289,0.0,0.04361987409130207,1.3025818791715826
21096870,,,,,,,,,0.039379374682903305,0.01304819952778611,0.0,0.15203013813355365,0.09231931950067755,0.14,0.09683888441291309,1.0073033048716427,0.17365395244295784,1.1108129253518888,0.0,0.4901701004638179,0.6220703301312387,0.0,0.15917049944186598,1.5332786965220961
21096924,,,,,,,,,0.24955129587395372,0.09662463356153965,0.0,0.42024798496763127,0.2602237376659779,1.8779129753151884,0.038859574716745116,1.2272463838667307,0.1587949567140615,1.3711518388007486,0.0,0.6335507691131183,0.7385594245006737,0.0,0.06236027596561319,1.5989885821339949
21096815,,,,,,,,,0.021013421112233612,0.03369648052945298,0.0,0.06754519548887392,0.18224426873428753,0.9184933314945731,0.07004408686273737,2.509151683343014,0.026430334961878583,0.5872016698397294,0.0,0.7546612928248966,0.990391957420548,0.0,0.04402216781799882,1.8854728444300897
21096804,,,,,,,,,0.03254730203332821,0.06605265328406988,0.0,0.1554872694677261,0.22780409481874264,1.997923922475528,0.080780006881422,1.382205657536518,0.021017937211968724,1.184423654823973,0.0,1.0130060407984587,0.9285974397529878,0.0,0.12155736323146876,1.3810810328693175
21096996,,,,,,,,,,,,,,,,,0.13204309212081253,0.2533872672380074,0.0,0.32896639005573847,0.5101924331755261,0.0,0.06766433119329185,1.6043049398494549
21096927,0.02478681312741525,0.1526349164384165,0.17672954855748757,0.13968007052701956,0.18916943158210708,0.7705193054038296,0.04086808247585041,0.04149645473806886,0.07465986314639096,0.038523970431177584,0.0,0.24656421397212866,0.05641620144145751,0.23678400846904057,0.062036785687880104,1.8101663017995935,0.04383602431138746,0.6044873900044084,0.0,0.4462476707127567,0.3612216887769992,0.0,0.13582442298746583,1.603735181373153
21096843,0.31167833724820493,0.25679115435787714,0.3982810286440691,0.38454573044760615,0.35821590198273934,0.46884017651126175,0.14586445149049154,0.10598233865342446,0.2214774151933434,0.04575166777877871,0.0,0.16514781012376625,0.14713896388186534,1.877143219540445,0.02791696838171926,1.6230196278333893,0.025511557170472706,0.8075928825725229,0.0,0.3973220787500949,0.6128979870778327,0.0,0.08842351078996911,2.2580666151233633
21096948,,,,,,,,,0.6225934964424259,0.1078019660366282,0.0,0.09373087794883285,0.16019546998088535,1.5882401161873057,0.15761690060923608,0.9741618894323165,0.08312165775139417,1.28706615861405,0.0,0.839846171157749,0.5098136838152698,0.0,0.11546768697268493,1.5065143045016594
21097012,,,,,,,,,0.8574187243544023,0.06139872576846662,0.0,0.13223902670926274,0.15384464932642972,1.9465674917659546,0.10006506041911398,1.985838710948266,0.47201880344572017,0.29720284751443565,0.0,0.3041993549088028,0.4695148288492593,0.0,0.06528887462499167,1.5525916567713722
21096944,0.4629300257657663,0.1273738609866807,0.34655446902326925,0.07634667246836845,0.09945233540893904,0.3029851481508623,0.10381233876629858,1.496541379831835e-11,6.751755867510623,0.0654259811037269,0.0,0.05149123992632377,0.10442210546660494,1.7381778453950625,0.13963936854448417,1.512933435267886,0.8239482417656115,0.09878883036417554,0.0,0.05298641452075339,0.11818170598379901,0.0,0.05842031884243226,1.4988108844191856
21096974,,,,,,,,,0.11535496222456149,0.0599269012754568,0.0,0.09583438825697117,0.23408093314822961,0.5833523806414096,0.15369660913872096,3.087097184940366,0.08830368981183205,0.9483046625881103,0.0,0.37804724078971946,0.357270455156832,0.0,0.11252976545101279,1.7587654389516851
21096986,,,,,,,,,0.6045127055570434,0.07604785783503264,0.0,0.11828080557520099,0.06967845483061084,1.7147191912269206,0.12782580744302105,1.516811479879343,0.13730135109635216,0.3104960983176895,0.0,0.22282643262305565,0.34335829384910904,0.0,0.050614089097503825,1.610383903098767
21096990,0.07655534658977779,0.17693312503774353,0.33135364506104065,0.30124998573708933,0.5006505227497716,0.26119687885541343,0.09650585160846155,1.190974477816051,0.08020009332915243,0.07904700894419459,0.0,0.08635759160933862,0.10083850674360567,0.2210203610530034,0.1403488706683781,1.4540514171477859,0.04901199280805017,0.4709930982941569,0.0,0.3062353502011618,0.2327332914203186,0.0,0.09968084928662062,1.6050220459920597
21096838,,,,,,,,,,,,,,,,,0.06498495088739163,1.0390250219530983,0.0,2.077623744393979,1.7213733990906293,0.0,0.04675967431689069,1.783409930740906
21096833,0.0030148505136476465,0.07860803565065802,0.12124355652982138,0.45809600738705586,0.1613191905399901,0.05773502691896256,0.023370384614950737,0.07255869353604735,0.1253612401755831,0.11906829698192585,0.0,0.2994234510991983,0.13493538034776764,2.0370648819645716,0.15889863680130162,0.0756568178387209,0.01798516900988126,0.6377646973939037,0.0,0.30602048309187563,0.6992323363751268,0.0,0.0334364835675832,1.9487697400611945
21096930,,,,,,,,,0.28730875509854625,0.02528402163770108,0.0,0.09382201797145016,0.09646943185836233,2.4826061575153906,0.06111054143166309,1.606501661201471,0.2797459687045348,0.4156572668643874,0.0,0.3410778116959841,0.22289385905294634,0.0,0.0799328624753337,1.5343279946738149
21096935,,,,,,,,,0.22709269684513128,0.07527350244318673,0.0,0.0642752779249755,0.1132901997847276,0.2921472231598308,0.11808242154215694,1.8737693834445979,0.08568927252843454,0.4971421174656715,0.0,0.30491954265609145,0.5013194419615327,0.0,0.10711113960250006,1.5528138563138312
21096787,0.0,0.282278024147943,0.0,2.240874156673558,1.0716221203944851,0.0,0.07727084486373899,6.181463989907126e-12,0.037018274617399295,0.07793107567443103,0.0,0.05875401876460662,0.0700798767524544,0.25059928172283336,0.18079931337343239,1.6928827397562036,0.11281996881905347,0.8235681875373075,0.0,0.6936274024804023,0.7820331696784459,0.0,0.1497214527932969,1.5965977895578463
21096955,,,,,,,,,0.08569474722947412,0.0379597261022011,0.0,0.14097117790164487,0.024265521285450026,1.8110549411875942,0.1010793615835135,2.2030673792168676,0.10249067455340131,0.9582098167134332,0.0,0.6177732894153696,0.362098496614619,0.0,0.16383150315908326,2.7789857964385836
21096976,0.10808334250169113,0.10583529487398222,0.1919635382045247,0.06449557029207462,0.1104413246385635,0.09426406677899213,0.16119895989667463,0.09422991833435308,1.0129771359661677,0.048717092495534325,0.0,0.1396903153915637,0.11199759346054344,1.3248692657875991,0.07435250661470848,1.5373560282468024,0.18075537730639651,0.3114192743457247,0.0,0.2102259731768227,0.19305308588224848,0.0,0.059335302177915175,1.398096113405216
21096983,,,,,,,,,2.2944347358132924,0.05484148930310667,0.0,0.09225287529740847,0.10805298641323845,1.7267570761401267,0.18445258738283662,1.6188115641556267,0.3528039644966969,0.34153722061290365,0.0,0.2207788002488721,0.20828762154308209,0.0,0.1003872888017444,1.3753933652242845
21096950,,,,,,,,,3.0404996701948783,0.04285608809771177,0.0,0.05814337318706375,0.10615643410029242,2.217105577742554,0.049028853843031704,1.6941892305571895,0.45901983274008074,0.6166164462206253,0.0,0.25031218851051,0.2912354742541032,0.0,0.10692773913166848,1.6187951789076742
21096847,,,,,,,,,0.04649040828131065,0.06944308746944038,0.0,0.15764683742770036,0.1553686066969492,0.22847319317591722,0.051927174738511675,1.5643515903690235,0.03435528931993398,1.1326793955871226,0.0,0.48811068032365457,0.47870347254832807,0.0,0.06954301469156875,1.7087067043292052
21097005,,,,,,,,,2.7428577965274363,0.03724168392917724,0.0,0.06799227472138096,0.09112378581983188,1.8319383762249521,0.13223012769344297,1.1652928542680367,0.12996937288185476,0.22751381307731192,0.0,0.44411973630300305,0.1618194371530555,0.0,0.044960186914443326,1.616599302676347
21096994,,,,,,,,,3.2185898670004156,0.13117863382638575,0.0,0.04879066010711792,0.06474977546448346,1.619994727357675,0.12836256798511309,1.1135571742944106,0.286448834414512,0.22291842090370506,0.0,0.12768636553945567,0.10910220602300852,0.0,0.06300203826838804,1.1972770326294349
21096846,0.27503153492096216,0.1327527178172193,0.21563085740836507,0.32578148271137614,0.1572245230878146,0.6477782542403432,0.08917126321541317,1.5918668013133954,0.5163335072826362,0.07405125181636148,0.0,0.15107927592735956,0.16605345256021517,1.5030476974974485,0.09251431904562057,1.5508355877634337,0.1056375636687979,0.746776108404337,0.0,0.45881619457764655,0.23275335040970538,0.0,0.03817953451144775,1.5785311124667971
21096891,,,,,,,,,0.15038127500752738,0.12419292330967538,0.0,0.07435544407412899,0.10296706800592201,1.0248360302452724,0.14352635543591122,1.7901948839952289,0.059255161887089826,1.1557964037350204,0.0,0.7031290381285157,1.0984994326069246,0.0,0.11151969858610489,2.0939543645855707
21096808,,,,,,,,,0.04610464386969664,0.08357104981977226,0.0,0.2440116242247909,0.12798379106644783,1.7818269115874141,0.13579187139072965,1.1366387931715611,0.10476418004359356,1.4242427258724488,0.0,0.481425387895749,0.6200006671053854,0.0,0.06329150168061827,1.3690216990338664
21096863,1.3089143426081458,0.04831646497096344,0.23999999999999988,0.0923465169081571,0.053662979580335876,0.776809715009624,0.055704341985174474,0.02343877215291039,0.6945073842494996,0.10406509574863053,0.0,0.1214962709410832,0.09974210279415728,1.0696002510142268,0.07772122286420718,2.6296005522303685,0.16334103765865066,0.6975437949126265,0.0,0.2754706689411129,0.4073334619584819,0.0,0.09424966841708712,2.131503164052594
21096888,,,,,,,,,0.15681832013726024,0.11050936274376831,0.0,0.11955684660306089,0.2243684102550566,1.5187588918023067,0.07825375607346077,1.5441424330124183,0.02386344616085915,0.7289419996567124,0.0,0.6055031210368662,0.30154738807877757,0.0,0.07468032812110802,1.5395977801679195
21096884,,,,,,,,,0.6160815184157244,0.02697210620355582,0.0,0.07348439799246308,0.016663416852528513,2.0074859899884734,0.03896435882589053,2.4825367940830834,0.34867033229291655,0.6694712203417105,0.0,0.31384725334157015,0.333464663555353,0.0,0.07701619182374836,1.5482294137966566
21096962,0.4705952818450019,0.15317249413984957,0.39575876490609774,0.2437203573288733,0.1356089837500348,0.5405115889393842,0.05996022550542455,0.05216984535187138,1.3825963061323334,0.05916432759223367,0.0,0.16545751168205122,0.08924335257396608,0.7331825602581302,0.1049685333239249,1.4154532302270555,0.4840197359603757,0.7342366328257063,0.0,0.192195355550418,0.19502847726374892,0.0,0.16069869313237078,1.5415616795432274
21096922,,,,,,,,,0.6169694984290189,0.09505764747827761,0.0,0.07628502953061167,0.15853753692915584,0.7956518741019245,0.16505019662672454,0.7697448700508799,0.18071037620738703,0.9287750206073723,0.0,0.5860808171496337,0.331447194068444,0.0,0.1563027858996659,1.2665685443178067
21096790,,,,,,,,,0.04589635266823883,0.07519386462928539,0.0,0.15211060497876308,0.10085179730711333,0.485015463671005,0.10017191884855729,1.4359411614857174,0.13867584504825467,1.1179682411039686,0.0,0.34681322133347625,0.2458375031178825,0.0,0.10103064758397523,1.6252918226553545
21096934,,,,,,,,,0.06992732875660057,0.08064797446443019,0.0,0.2794734527279201,0.13603250808003103,0.26663020584072367,0.11286719036036759,0.09136313890306784,0.009158978855367858,1.1734785532459298,0.0,0.47780323154798,0.7819316277997268,0.0,0.09306196883544376,1.4728755633102701
21096969,,,,,,,,,1.7251190271103913,0.06322264026433146,0.0,0.08670656443484999,0.08854237489164826,1.411377305129956,0.08059100844023667,2.143312484778615,0.4996099703193309,0.2934749219240786,0.0,0.20324873337844268,0.11339624559508056,0.0,0.14698553045139828,1.6734822496475374
21096941,,,,,,,,,0.5892322957495826,0.050804720493675716,0.0,0.12061265202482738,0.14201286757431134,1.7058331297834108,0.09984324316595401,1.8973876883316334,0.09058326181672616,0.532344102803382,0.0,0.5204623734811119,0.46180865370217955,0.0,0.04190200501314075,1.5764857914854253
21096952,,,,,,,,,0.5429025936760759,0.03669530401837916,0.0,0.26334748896507953,0.28568539610886595,0.9377810689779003,0.02627268337864761,1.4313862288572554,0.09739775582725477,0.33895882625599527,0.0,0.6135084255025742,0.5595756833173879,0.0,0.038425096423274706,1.6125966693598766
21097019,,,,,,,,,0.21915530609457895,0.023010160150979862,0.0,0.08244499293370117,0.040155626859876094,0.2672612419124244,0.06490352565728168,1.1458378200888613,0.11379758290476175,0.4638139986188863,0.0,0.2233357864060167,0.2214832335972057,0.0,0.09528136480397957,1.7892426138839304
21096972,,,,,,,,,1.7612115330282319,0.053631452926050316,0.0,0.10080452456429294,0.0517924811459038,1.7358283325260018,0.11159708763869555,0.40340628285358676,0.07534621955866105,0.620134914713708,0.0,0.8116856628790217,0.2850846196846756,0.0,0.0627538260717163,1.4482158074823104
21096900,,,,,,,,,2.649630142088423,0.04478639184005929,0.0,0.07035243410376438,0.04708529949369872,0.923450052791162,0.13520073552345332,2.333279803935244,0.12062763571487244,0.26500974620585727,0.0,0.14970454480570283,0.12220881176957994,0.0,0.08804940113513031,1.586302483157295
21096987,0.049262866431623135,0.10114929573454577,0.1862745669320272,0.11195289270061907,0.12859440358471122,0.35903640881830196,0.13561905440406757,0.997341044206571,0.4990458411047487,0.0601468185360746,0.0,0.09061855496087542,0.09997086984610955,1.5396366299815527,0.08278381646499322,1.3682470115974616,0.17596239564351315,0.41329562916428475,0.0,0.15126719580546838,0.29534177220724955,0.0,0.15008746126610706,1.0059668128837538
21096860,0.11732777275338237,0.04023790362226465,0.21733231083604057,0.15929616908738656,0.12310259767781218,0.11357816691600545,0.059563683278776355,0.03806636208743192,0.0036575741480472804,0.13655982164474595,0.0,0.27447865776850516,0.22501551724521043,2.3094010767585034,0.15412164060540476,1.743582613954604,0.07027139563845908,0.6461117861779272,0.0,0.8898655754400868,1.0726890017591706,0.0,0.1367648349874971,1.56759487226306
21096885,,,,,,,,,1.0714387866932706,0.07814336487119623,0.0,0.13645073329612356,0.17640496245445791,1.2135222963078856,0.08978874509492359,1.0328458189820744,0.16861981453134212,0.5189677110013614,0.0,0.3397793265980856,0.33561275480837593,0.0,0.08599811531566783,1.430638509045438
21096807,,,,,,,,,2.7719332734853803,0.052146833368973855,0.0,0.05703501272749034,0.04992480693684334,0.6017206808626224,0.07591381461667941,1.9487726412353217,0.9772895520845123,0.4443698740841511,0.0,0.12065320603078522,0.20158575785946542,0.0,0.12207200230196155,1.665278409151799
21096940,0.2270207998518388,0.13801030644294485,0.4899149586067634,0.29585431795864675,0.3333493479666615,0.6337717780610516,0.05501307591357335,0.07593689088746924,0.17832282608784292,0.04390503344116261,0.0,0.15777349894021026,0.17533731684858175,1.4100106382577402,0.040892329559678316,1.4396391671854878,0.028170465122411163,1.0109790120742645,0.0,0.557300817989402,0.6138384913131543,0.0,0.12697443824967244,0.8324360685783647
21096945,0.4312018472865388,0.058272493088552126,0.18427786989579992,0.08632155308520055,0.13146803986430355,0.1632993161855452,0.06722653566734,1.859053865867536,2.1529370020071026,0.04150322775056488,0.0,0.03371151552265996,0.041959122714603087,0.17000000000000004,0.13089779300471494,1.8408222638652387,0.672219984741932,0.36433692575555765,0.0,0.24234396070283326,0.1354821314393008,0.0,0.09710135005564773,1.8432777152169304
21096959,0.4818634483051189,0.11443280747744324,0.22544400635190995,0.13052826321717023,0.20261318580731458,0.05802298395176403,0.08551079150327222,1.5673882048492693,2.5547570436143863,0.0620020215572276,0.0,0.06271961472599226,0.05146453043555001,0.4245815867527981,0.16673554766576176,1.2882354549843473,1.173191420689988,0.5792968191230187,0.0,0.12862375392829387,0.1378434775203655,0.0,0.09808279474014622,1.7019895231741742
21096909,,,,,,,,,0.579273235572969,0.2553355274073515,0.0,0.20238830098285782,0.2004298064148657,0.5244282601080914,0.19693772765116369,2.512722619753758,0.24835992434559462,0.5697296268647342,0.0,0.7169788919766054,0.9992694057269393,0.0,0.07092554388617674,1.9878287675391833
21096782,,,,,,,,,0.056298807827470466,0.16332923073956185,0.0,0.10551495588179223,0.1766267718332727,0.0,0.17911244200892582,2.2322994983532274,0.026821521673357263,1.5674857257998012,0.0,0.3993425417496114,0.3608290546318222,0.0,0.1080876289815727,1.7217478118773357
21096801,,,,,,,,,0.13107102401721266,0.08393845789985016,0.0,0.09418214279705832,0.0873219406892761,1.8946292513312466,0.18107901802354995,0.1107382854662011,0.02147605116830366,0.39885003514369477,0.0,0.5459626485637874,0.3043335374230414,0.0,0.10244319602075022,1.5859595371891584
21096857,,,,,,,,,0.3400551444043154,0.08134290137022514,0.0,0.22017892706270922,0.06659383811775663,1.0197852248203563,0.15194861889161046,1.4992882387512978,0.30425572696515685,0.7205412070744209,0.0,0.8651313608145853,0.3673076245658745,0.0,0.10423806371711823,1.605459881402066
21096915,,,,,,,,,0.8690155657827748,0.11740450297043463,0.0,0.18379413471469624,0.13551958481151957,1.5127080730549811,0.038078022097067565,1.655434182642408,0.0563120794812386,0.5737347774078612,0.0,0.481192017248149,0.3659779500599838,0.0,0.08837489133531314,2.576151338931515
21096814,,,,,,,,,0.3634841638009728,0.07520614554881949,0.0,0.16478195799489628,0.2997851729384965,1.7400646539712252,0.08989568510779186,1.2874483941106007,0.16662625625525684,1.0687166240887291,0.0,0.5983439859522632,0.5425624472092173,0.0,0.18010871745238416,1.940548276302715
21096979,,,,,,,,,0.6758706692450777,0.03601381249659422,0.0,0.09787291595873507,0.10509122612483725,1.816226858076931,0.12042041212107278,2.114055313477922,0.0323651603807466,0.13742903576436247,0.0,0.06250478700521382,0.2332661523423462,0.0,0.06489114647698589,1.735489028832366
21096784,,,,,,,,,0.4166737877146426,0.03886211754759816,0.0,0.04629952042872747,0.12663451453555766,0.3831821648101219,0.18120213636281254,1.545982783601816,0.13871058199647254,0.38260789221852326,0.0,0.23376960115695314,0.4893592033004247,0.0,0.03799696550986387,1.5585218701029524
21096874,,,,,,,,,0.12982073396723376,0.11811355162078592,0.0,0.24804861296942907,0.21108750522800418,0.3526202935574914,0.13263302694465773,1.5384959416355914,0.03275694646125908,0.6075410219112561,0.0,0.34044532729620625,0.48581274347618714,0.0,0.08841306884549621,1.3341691490877206
21096850,0.061156521556938494,0.06433826506824306,0.09499999999999996,0.10342257218362479,0.44267530730929244,0.75,0.07878279389582778,3.574414221000044,0.5468540971731477,0.06309146195323659,0.0,0.09833939254945705,0.11443621646310949,0.8845111644292569,0.09784450534802706,1.1450597265662599,0.03712728095232479,1.0576708815853821,0.0,0.2527369970560463,0.37235328479222946,0.0,0.09364416179165412,1.3878158455835918
21096998,0.3094134971479604,0.09229295515129513,0.12711543310445556,0.08088415224301837,0.21379761058048766,0.1459166428707386,0.08847599630673751,0.12367367866847699,0.9458185774232247,0.03133331287481874,0.0,0.05262888928801419,0.0739867082571845,0.5829726776248977,0.10884771394563315,2.048334075519531,0.1944852145207105,0.31964544811551177,0.0,0.12664105556973226,0.2957125851307046,0.0,0.11588928739316234,1.6083148459848455
21096877,0.07528875232063141,0.1597180329871264,0.06424006315599098,0.26696020037876117,0.1813566095792502,0.29335497755644585,0.1266143159157926,1.1131030975572995,,,,,,,,,0.06194614509210068,0.45311945458537173,0.0,0.3759536472285599,0.5412233818573896,0.0,0.06830126989412137,1.1107698580012617
21096821,,,,,,,,,0.28309379682907004,0.05375780728344592,0.0,0.08346207996331888,0.17720378145755183,1.0209939135120107,0.06630307645744138,1.1005693547928643,0.05333589220960513,0.8607872208733253,0.0,0.4101469757782219,0.34236001538560396,0.0,0.0820168662120442,1.7248438304261346
21096917,,,,,,,,,0.09611425785715032,0.06716122497690151,0.0,0.1740881517417795,0.11023721555025146,0.36260170986910695,0.11837588076716002,0.6672726424739289,0.08356050275813885,0.4734703264294808,0.0,0.6874226554915752,0.4929100602665443,0.0,0.05218292088278211,1.0901992387079251
21096982,,,,,,,,,2.3661191620133524,0.07125463418818588,0.0,0.06498822985478972,0.10709054029927917,1.6586199082369655,0.08691104741860071,1.9846727505393746,0.6549351359954431,0.23670509177551438,0.0,0.17189430836097463,0.11698824025561948,0.0,0.12304763096493203,1.5912786613681116
21096867,,,,,,,,,0.4883721728404414,0.059115842179796596,0.0,0.06565981571190946,0.045487913214141765,0.6297883242275403,0.15998488023331425,1.1499878933611538,0.332732746708775,1.052393054969395,0.0,0.45520631150938917,0.27571199346485203,0.0,0.15323631630298795,1.637369763703875
21096912,0.13381012751725596,0.19538821618691135,0.18898223650461365,0.17447623347579072,0.16421288393079841,0.015118578920369082,0.11170149591662624,0.09414308596565314,0.5104085011185902,0.13874523623896062,0.0,0.16587195168869176,0.18844976466409377,1.7606637006159542,0.20554171014212658,1.0258038559442166,0.20286103337571343,0.7385289418702151,0.0,0.3734207070076703,0.3361265800013573,0.0,0.1203535769599673,1.5209354158056527
21097003,0.7807572089903111,0.10195458857770338,0.44226688774991957,0.04947442047071469,0.09245239251034787,0.6478682993736715,0.10700107089298494,0.07612462137157805,0.516856478852538,0.08680685066923122,0.0,0.08931011419039453,0.07557259337294803,1.8631597585055035,0.06285197774908897,1.8276838002554436,0.118740425327773,0.3486166264734105,0.0,0.22520654445241414,0.20905921911747377,0.0,0.04576456012001666,1.7249027623897786
21096840,,,,,,,,,,,,,,,,,0.16867380873261686,0.4754761594296742,0.0,0.8934028588796457,0.30262548797233646,0.0,0.05991297474582128,1.2443506642811062
21096881,,,,,,,,,0.10060491323230268,0.08591154569515387,0.0,0.1613595458216176,0.16077944906068878,1.7872954428409424,0.09534013276764021,0.8603797972203175,0.15659327402038428,0.6769628268028354,0.0,0.28696872989169125,0.3152153674204101,0.0,0.04497965767853923,1.5368602717698163
21096893,,,,,,,,,3.820470536916561,0.045208847801159226,0.0,0.05341454054135127,0.06952534746549699,1.9229424568373572,0.10874526649092137,2.126169500920978,0.32978190295348975,0.18238635915877052,0.0,0.1404715061802861,0.23708234567015452,0.0,0.09413227539121971,1.349669231813627
21096795,,,,,,,,,0.2520110565420875,0.009203408848191298,0.0,0.1918788021518926,0.09299369014589959,2.2321514285549715,0.09723234861013927,1.7057110420360317,0.01741043788556431,1.4726249549231374,0.0,0.8262074898419748,0.8752401866426132,0.0,0.0902900912192324,1.567693679545097
21096854,,,,,,,,,0.3916598591191375,0.08802924370511335,0.0,0.10054046198891738,0.05765512939380434,0.46390437886192964,0.192390865213432,1.0429042211201065,0.41961589577337854,0.40407018575535764,0.0,0.21127841230425873,0.776306014751762,0.0,0.06636613221314226,1.4332542402210176
21096878,,,,,,,,,0.8100852053194526,0.03980937278245959,0.0,0.14378386760844744,0.21336372484884705,0.17106111411394687,0.01238017669476601,1.599415358308084,0.1200451724529672,0.6038052684829784,0.0,0.6182884882311859,0.7537134292661705,0.0,0.1339734092431755,1.698455988331559
21096791,,,,,,,,,0.5558472690617787,0.22606635175559345,0.0,0.4691243520931239,0.25213992055809015,1.7509654479743457,0.08692241565728182,1.4815239367222746,0.6210606852113321,0.3718127892387847,0.0,0.3048223810764582,0.21558291962144738,0.0,0.07573690209285973,1.1604139538735019
21096964,,,,,,,,,1.748286868750786,0.08852117754211918,0.0,0.05516976289338341,0.10069068690378082,1.1460520224209885,0.1446109303700854,1.4410648981404717,0.48621097919729866,0.48890789326991413,0.0,0.4151507425682227,0.3140701039340423,0.0,0.140860090727475,1.5449748541738928
21096931,,,,,,,,,0.4158708943808795,0.05107191852299796,0.0,0.1680853061982688,0.09612555355779756,1.7048533661285947,0.14926074056888308,1.4973088480740449,0.039983648027089154,0.6085614411173151,0.0,0.32661090261011877,0.3275998095897757,0.0,0.10943402958919356,1.664759555819442
21096957,,,,,,,,,0.31031201462423363,0.15646819773841067,0.0,0.15723254874691056,0.17514692430957046,1.4235448710876661,0.10663262308333266,1.6006054093503839,0.0709268143683522,0.6980021323052317,0.0,0.49989462670150014,0.21909888162836322,0.0,0.08013313109144994,1.2994050572505367
21096902,0.0,0.19099027686856235,0.27712812921102037,0.13703983411959722,0.17504560958252915,0.17925772879665,0.09626667487476079,5.1280713255272726e-11,0.666191434728539,0.1668338075350759,0.0,0.1281973708249408,0.14375078979148587,1.1463820297971172,0.10916052622816835,0.9605097841161635,0.1826629677030226,0.4826807375217149,0.0,0.47701373790013724,0.6424388914398234,0.0,0.05216043652492011,1.565188326743433
21096818,0.29714841887705906,0.14251706603137315,0.17832554500127007,0.24776073002838955,0.10747687226778974,0.7125447354377128,0.10152159904215943,0.12185424517115707,0.16621947253282576,0.13261741126785123,0.0,0.08891455404639827,0.18141414189796964,0.7016714737987123,0.06509464308718614,1.066556356920149,0.04853565679377573,0.7528516628661864,0.0,0.6786677571340621,0.5363687404952061,0.0,0.14264761036083787,1.6450626197758351
21097014,,,,,,,,,3.3382773786043467,0.05059823012962923,0.0,0.06985092916772109,0.06529681259078277,1.6240271249471487,0.08733325444991728,1.2374052923367254,1.217916055196661,0.3943117758301732,0.0,0.17376143980597786,0.2462247391246151,0.0,0.10143894422268228,1.5959243204966187
21096831,,,,,,,,,,,,,,,,,0.0515674031414171,0.5545505798510155,0.0,2.556063137962125,1.926554737063362,0.0,0.08106330769115917,1.8279441406118788
21096905,,,,,,,,,0.18070663708651835,0.06357871769820626,0.0,0.05085834412767919,0.07981341236231211,1.1172100667883964,0.04542502700704916,2.5922527553532073,0.08369270355746249,0.6389949999817419,0.0,0.4322089627187837,0.5580833718109716,0.0,0.0996498563968875,2.2643255494708336
21096898,,,,,,,,,0.8123761254488703,0.1279382381128281,0.0,0.16856181445646826,0.12113839763961291,1.531907657604913,0.17107170441128183,1.0016602776339514,0.18392290520125784,1.2931907994731913,0.0,0.46789432917998053,0.42905905765014507,0.0,0.10010730941895611,1.429667172830416
21096907,2.3636994529814994,0.14961222256699075,0.5773502691896258,0.24013756469858819,0.057707378501816925,0.8660254037844386,0.0910124775058771,2.5359045064950405,1.660120294182729,0.09109334319630033,0.0,0.26891387604782147,0.09080722949904177,2.148394749574668,0.12262616460135796,1.7735468998730468,0.5060090673610972,0.8027395812977068,0.0,0.415552048485304,0.4243814920773263,0.0,0.07647657285926156,1.7445174281127023
21096825,,,,,,,,,0.22070120717862637,0.08111058990130555,0.0,0.3772607645295329,0.3983069548315403,0.0,0.10607000801149155,2.8735932342951305,0.04023849517107009,0.3124737575218037,0.0,0.416561191466144,0.20603427948739353,0.0,0.03161937663335747,2.0431094809926376
21096919,0.05341566317826807,0.05373724189554896,0.005773502691896135,0.1984337847211183,0.13661515897961496,0.011547005383792525,0.07221365041699815,0.10946646274887756,0.24535626204678151,0.1620420774458021,0.0,0.14118752447888966,0.07516777815593063,0.5990826320300064,0.15255961401738885,2.387010295039441,0.07620108970176007,0.9359879562538734,0.0,0.38481323116163785,0.4470898637638309,0.0,0.08492676124266892,2.599894888597389
21096864,,,,,,,,,0.12595054128407135,0.040578939849623116,0.0,0.2350360314940064,0.09571758570263661,1.695886199012186,0.08261166098443275,1.4357075735966962,0.018757129612691624,1.1417598730270007,0.0,0.353655863054001,0.9398296985563632,0.0,0.10126717080787409,1.5809311026978166
21096798,,,,,,,,,0.3113921365247262,0.08088914446623492,0.0,0.027634208152463393,0.07993808247514253,2.2871452366068348,0.10240276249772116,1.7180164863520597,0.22621670982945213,0.8575701451474228,0.0,0.504127449878752,0.29126275122434603,0.0,0.12804360697594655,1.581573611375953
21096895,,,,,,,,,0.6449316643977651,0.042685572124777756,0.0,0.04286540139451784,0.10533252873381162,0.2524480144505003,0.14810903185472593,2.6045117863568956,0.1258960185394234,0.28240844320005454,0.0,0.42184117589360803,1.0226964923552646,0.0,0.048811586757240066,1.159928673010938
21096872,0.8429747022737413,0.16812591177234368,0.5425249610233002,0.24586499706193832,0.2632894747806631,0.5455568001796167,0.08160710818867285,1.6422796054106483,0.0,0.02703776232723235,0.0,0.06206966449576518,0.05418091164554706,0.08082903768654762,3.779453172793503e-11,0.07948066731390975,0.3761081836671326,0.5372982574083608,0.0,0.5073222354465282,0.48236565007401805,0.0,0.11649451368703599,1.3070521283947822
21097009,,,,,,,,,1.4664587306962233,0.023194477271776686,0.0,0.05850101811200188,0.09093032828474863,1.776312034650569,0.050048230078238214,1.489162240273601,0.10635993078169619,0.2640783230910609,0.0,0.16221129947688914,0.2758459176133329,0.0,0.03746953306723622,1.5914868286077644
21686553,,,,,,,,,0.28850660307901027,0.22234078958398185,0.0,0.1666137086363294,0.17606618751837005,1.2730369503369008,0.09601514462431601,1.7761502128069335,0.12429631271778295,0.8046629166557829,0.0,0.7246422742536525,0.6722915716986373,0.0,0.10802655362850934,1.5489394392074478
21686558,0.025859692285090517,0.08893072099348384,0.03464101615137758,0.10628062080342744,0.016978602719814193,0.017320508075688787,0.0673803788329546,1.9625750712158605,0.34265633536719114,0.05270239460521617,0.0,0.14502238833877099,0.11253266801377576,1.6277059521506538,0.15777163651510073,1.8939157473176618,0.05947993256299691,0.9038335331120788,0.0,0.3567954069751555,0.6443377112158195,0.0,0.08701977243035722,1.5086926062607127
21686502,,,,,,,,,,,,,,,,,0.045595756002931864,0.7826418919864995,0.0,0.43785071481850624,0.3790138978158289,0.0,0.14666008938512098,1.1851916705320977
21686515,,,,,,,,,0.2764305824795194,0.08650085270375739,0.0,0.3065055692453353,0.049017441477678114,0.19311050377094113,0.13357428207851582,1.6083024198802112,0.14673027549878304,1.2262848845220362,0.0,0.9661895728852672,0.5335911109579363,0.0,0.12483296632044813,1.987260394838526
21686495,,,,,,,,,0.9096483112774765,0.19531972581421603,0.0,0.07896637906663717,0.20633506018262737,0.20152543263816605,0.05524301752550428,1.5943495230368228,0.5848776227884024,0.34792467364563123,0.0,0.22325703343321932,0.5652954002630886,0.0,0.0778998782380667,1.9905178929942327
21686607,,,,,,,,,0.6956142995452533,0.05080019167795879,0.0,0.11323228482672937,0.1102870614030629,1.0044954510156385,0.15748072208281463,0.859911964098125,0.11205553746860604,0.680379552833815,0.0,0.22729798425167805,0.2427142461187121,0.0,0.08399768466130281,1.5631559711034746
21686517,,,,,,,,,0.5901196883084172,0.15475089011971654,0.0,0.13584547997221819,0.1360530884324367,1.7317919322780368,0.08495880517670082,1.0865761210774576,0.27064105293297214,0.5472998407180844,0.0,0.3357059075589863,0.2460056409676001,0.0,0.07075363018857388,1.61201773805978
21686608,,,,,,,,,0.7522089009417733,0.05956787877546982,0.0,0.11921166787457911,0.0644612882173736,0.27386127875258304,0.09061319643261075,1.6465788334730156,0.2496673830826007,0.3220730640458155,0.0,0.1546820936773386,0.18577767400595854,0.0,0.0937322549016017,1.6135587520142598
21686575,,,,,,,,,0.51288263928743,0.07852170624449369,0.0,0.09564027360826396,0.08781429460736061,1.641385883650648,0.05369111221071741,1.7572470493817023,0.10135839184332938,0.8009864932463567,0.0,1.002212683639688,0.6158390456927513,0.0,0.14883721913599612,1.5308348489321653
21686572,0.03456296809654298,0.14149295054242766,0.47402179977999603,0.1862685592513493,0.4376980685956283,0.6239364283856702,0.08577774788133348,0.09708172407720804,,,,,,,,,0.04525574218928881,1.3266062350682037,0.0,0.5798443251856711,1.1488184506894932,0.0,0.08987537079022727,1.9941905492810037
21686554,,,,,,,,,0.4706737866894251,0.04985579712280544,0.0,0.13264692026823335,0.15409004941650087,1.915484272971198,0.16483763092897985,1.304726725359923,0.1536801360895923,0.8899779465982544,0.0,0.2162788218518201,0.2635474589215528,0.0,0.11126651991582662,1.4150385120272864
21686600,0.08050804442998283,0.10678241656623433,0.0,0.07967854392250298,0.04747303300626583,0.023094010767585053,0.06830741044251,0.01742238073323054,3.131756412863231,0.07434354460173813,0.0,0.12732095433190496,0.0760718702425707,1.691871087813069,0.1736566350311479,1.9202287800503783,,,,,,,,
21686513,,,,,,,,,0.2739821013722128,0.14951174378227108,0.0,0.15128880825441837,0.2898886940900097,1.5341610084994337,0.16108181362903365,2.1731009709336364,0.2525899985238303,0.31400611506245546,0.0,0.5046626574883176,0.6485166032432054,0.0,0.07088611313521785,1.471975328402473
21686610,,,,,,,,,0.7619624827367225,0.033509479136391025,0.0,0.05506133388005156,0.10034151452889552,1.5144510242202962,0.11724388744467627,1.455294726671826,0.297357061367831,0.8486089202013237,0.0,0.21485302149609933,0.2779007719826169,0.0,0.06701629988310777,1.4889597792833664
21686604,,,,,,,,,,,,,,,,,0.30377915772258185,0.29737185374898334,0.0,0.17323085873636695,0.33671189990959316,0.0,0.14672193679886011,1.7814744420270767
21686537,,,,,,,,,0.13544039597823637,0.03122212316009624,0.0,0.13425936315398745,0.15854415443138895,2.382225849914319,0.031162455811502867,0.12658975768509723,0.074758822313167,0.5560847408346017,0.0,0.6168361462690263,0.42959975231285025,0.0,0.15417160962290305,1.812167858123422
21686559,0.22569040836551707,0.10960056423001484,0.24248711305964277,0.23030576745544412,0.34919722988799884,0.0,0.05293187868710751,1.922962686383564e-11,0.3249873512880076,0.038439060316256546,0.0,0.1707680778360431,0.29280885886137115,1.5815047084524103,0.14900730183119612,2.5163620637700777,0.05832866892049386,0.8658441328497892,0.0,0.4322858881432845,0.4364279550627292,0.0,0.08239675111938195,1.4789143890130207
21686498,,,,,,,,,0.6784731033434922,0.08135015879270761,0.0,0.20355941918954676,0.07475266882948858,1.575065078020588,0.18762904662828753,1.799269471035187,0.08776053536097467,0.348577819448992,0.0,0.5857437877792351,0.306499181825733,0.0,0.07909927084953457,1.6766832337839366
21686556,,,,,,,,,0.511695164286757,0.11337007862371627,0.0,0.17948460129077887,0.14537033363539884,1.6340134638368191,0.17098861532519508,1.4947520021388798,0.2783791830361836,0.41062381311117246,0.0,0.3979427966579867,0.5622294875119013,0.0,0.045402116549364394,1.8894004480558364
21686544,,,,,,,,,,,,,,,,,0.316848610288749,0.5551796020975507,0.0,0.8300862861513282,1.1657279360177946,0.0,0.03311873428315032,1.6194123317453128
21686615,,,,,,,,,1.0594886046517344,0.07376635027926022,0.0,0.10851202192654454,0.116220267000822,1.8021083331599252,0.16030866244939854,1.6073249568252592,0.17183740888144958,0.49891900974155384,0.0,0.24643116462355674,0.23372764408699054,0.0,0.04348955463911599,1.6392902859797551
21686606,,,,,,,,,0.2366922658174498,0.10180757596032813,0.0,0.22650667355242815,0.13107334078425265,1.3989013546351294,0.18991139381646419,1.5459606785978937,0.04919369755908181,0.846336216127497,0.0,0.37990469724871934,0.20996227439997348,0.0,0.0768866218553003,1.360761633914229
21686557,,,,,,,,,0.23464139444127416,0.08813760289839292,0.0,0.23882104728708345,0.16123770977630467,1.8434605139971583,0.11597890253241984,2.259156801516686,0.05612561324593405,0.851414372042629,0.0,0.5517355596341119,0.5070288196271623,0.0,0.04694402301195213,2.0976877953914337
21686566,,,,,,,,,0.15822494009683144,0.03809670909638814,0.0,0.12723202671350128,0.06495530092988094,2.1892768973643637,0.0657679537567576,1.7858906938612664,0.15333619894236286,0.7786642673533359,0.0,0.5199898861209598,0.5077864208021666,0.0,0.08648156747218624,1.5770009889207905
21686570,0.06618951729299134,0.1833913491664622,0.178978583448784,0.5622905798061172,0.23007725742657145,0.8775154319630699,0.045677697616650026,0.06865309022722015,0.14599186062167585,0.08492213247796808,0.0,0.1788847502189791,0.1516839033806996,0.6233091413691008,0.1354052792048021,0.15192350532068152,0.05519611587339714,1.8163917413803967,0.0,0.5849889579137157,0.6285883968203881,0.0,0.15743994761536967,1.9051145662551259
21686613,,,,,,,,,1.300378084076993,0.08428072398016825,0.0,0.1029525808584576,0.1073234629425286,1.2994159527194586,0.07885774735179304,1.6619707422740173,0.143148183910142,0.4797114691912296,0.0,0.14863650949513718,0.12402277942920985,0.0,0.05714473474733013,1.646127454839299
21686523,0.09334676769156303,0.14967176045593678,0.39682489841238544,0.47877233942923797,0.13985364180437035,0.687255411037265,0.03991642223427628,0.08094529742765932,,,,,,,,,0.06881177431613786,0.6471589590764554,0.0,0.4383609237025662,0.45477724394588986,0.0,0.1369417067352022,1.6700949728345431
21686510,,,,,,,,,0.106565080173498,0.04376602119217188,0.0,0.0677122587895801,0.22781330081043505,1.4690881525626702,2.2336352083541812e-06,0.08362450054856461,0.25673607389393815,0.631364229118695,0.0,0.5171476193189768,0.7484764627787079,0.0,0.06887311424962579,1.6183166007339236
21686529,0.7928631328167948,0.24534159077226908,0.45635199447043384,0.16795727056165055,0.5661740702645608,0.5520028467835495,0.1302243258242119,1.595636248930398,0.8931395394515169,0.05334775070190725,0.0,0.12562622368141452,0.13003928428830352,2.0972581306712503,0.05707319481247645,1.5654663870827992,0.30506280385218104,1.2663082092393179,0.0,0.666816060260743,0.6037515353463215,0.0,0.13352331462909495,1.6026970024906577
21686585,0.1578743706142819,0.04212639295071446,0.24281337140555775,0.4581307560789487,0.18539899766677576,0.7189575787207475,0.08837321828549217,7.344374691109403e-10,0.047447816061668965,0.01293877706699052,0.0,0.11516988903121926,0.051765237810844356,0.8146369334454051,0.004120215583640243,1.8591974617547162,0.09431240200153769,0.3881174242241011,0.0,0.9494455668548675,0.3950072570921429,0.0,0.04855272683138266,1.1216383644091135
21686568,0.0,0.019823473509035988,0.01732050807568866,0.2837535065936466,0.0693152926799527,0.1327905619136139,0.03700317498783421,1.94205975701956e-09,0.7755948885572227,0.051694296874202066,0.0,0.09486344867879126,0.059230118157393256,1.4615793805723607,0.08994197484535904,1.7977143444043742,0.3276593959600238,0.6130525032700145,0.0,0.34850558378118146,0.15641621219464022,0.0,0.1096360144800025,2.2563474604039233
21686548,,,,,,,,,0.7177022447172403,0.041585970561152166,0.0,0.1230493323991343,0.1039258983993011,0.3396468754456604,0.14656379311442075,1.7412313453488186,0.18247562885121255,0.8015352804373558,0.0,0.2837335631092439,0.4934641313861983,0.0,0.12174964310493022,1.7906549211981515
21686612,,,,,,,,,1.340711973267284,0.07376551956044343,0.0,0.08832464817594886,0.09198085627741122,1.3112451370829978,0.12474387574392223,1.1192967235490414,0.37254552738941726,0.39063903675727885,0.0,0.38424844963305116,0.31599174308111655,0.0,0.07489853539907149,0.9477747217909805
21686587,0.16210644540993058,0.12199345408524445,0.24245961863095197,0.21896037524887751,0.07705703359848139,0.10954451150103323,0.0631085737523591,0.08577482844989619,0.970665105314618,0.0670344811250349,0.0,0.14635002969633037,0.15263138569870238,1.6975629590680872,0.11429725673305688,1.391912840922777,0.26834177090418915,0.5215373531371424,0.0,0.37852215973139314,0.5290876749798676,0.0,0.07357230302004968,1.7668158930790672
21686542,0.0,0.22821096191255202,0.385,0.2784014984744568,0.40080964159974514,0.1,0.14304141523256952,0.06642578829492969,0.16079838293433094,0.04542610329091411,0.0,0.11914052367035904,0.06780243377589654,1.0571802116952436,0.16567567135042172,0.5312613751312901,0.12498977840122094,1.3257478488472387,0.0,0.4192148259938163,0.5460708601415856,0.0,0.11889751237588479,2.0333465107170343
21686579,1.1187213027681735,0.05891844280488664,0.3317127271199184,0.08966487246404388,0.05878129297205972,0.6550572494064927,0.0943246274802332,0.03699656502531021,3.3189291827844287,0.027944455440325432,0.0,0.05694347902595857,0.02213120412036383,1.3530828996529864,0.11133070420169196,1.9380480946752792,0.2719374017521884,0.45857704853848735,0.0,0.3446445963483112,0.45854780233972775,0.0,0.10723685958263879,1.551679893033751
21686501,,,,,,,,,0.1832314059309381,0.06477329044719722,0.0,0.07840394441626922,0.2700354414511856,2.409010862020621,0.018308534422668853,3.467920907369223,0.02350108275454976,0.5068281134981678,0.0,0.3330372908813394,0.5195070254948051,0.0,0.025326883990440748,2.9057051381405903
21686603,0.31968774350148654,0.02798468174143229,0.2954093205480603,0.11858397241382485,0.02286290785124699,0.7050945563066937,0.04190280247373633,0.09157414522386362,0.5602544786205297,0.030882930597278063,0.0,0.0663874024945322,0.08562171813270465,0.32539207120026753,0.05356727862226542,1.091390036151683,0.09965729149644219,0.3551926357206172,0.0,0.20332790563712985,0.18872755759745816,0.0,0.027099587319468772,1.3577864333377156
21686602,,,,,,,,,0.47752249285263104,0.048571925227929205,0.0,0.1588453335202709,0.19933054764000102,0.7466090007493881,0.011758797160995618,1.0497263892454278,0.18589902712896061,0.3609695818578782,0.0,0.4846052860922798,0.4034865486700879,0.0,0.05012445014833429,1.342020199770846
21686583,0.49144935030959286,0.10419169473325426,0.6554069982334132,0.17424464437451245,0.13958421146244704,0.6590902821313632,0.07235021124201992,0.07810232965175852,1.0564895504551928,0.11289579873669997,0.0,0.11920040510194323,0.08680658507969168,1.7167090609651945,0.1835508489117342,1.543752701200755,0.12380466694080555,0.5854210188064735,0.0,0.42946512857765257,0.25788683705567983,0.0,0.06260397774312094,1.4060009403752796
21686595,,,,,,,,,4.601862624347176,0.05656006257789858,0.0,0.08569619842955231,0.08591069138185121,1.451728471703836,0.0773280334173086,1.7740957731771159,1.044828847915149,0.15300355371927585,0.0,0.1598360090342806,0.1513055105872516,0.0,0.10747230500479639,1.504526456322628
21686497,,,,,,,,,,,,,,,,,0.3137564694175742,0.08250975616236852,0.0,0.3001335015595332,0.2692120184396756,0.0,0.0459473133010979,1.6826815393939751
21686577,,,,,,,,,,,,,,,,,0.1523868268230527,0.5171344147266727,0.0,0.4317794021917523,0.2763152885149501,0.0,0.15820676820747945,1.5750219615131646
21686546,,,,,,,,,0.23694348812407634,0.08823296675559306,0.0,0.0931553243730818,0.12813368486590967,1.676657388973669,0.13974290102874215,1.4723946128809393,0.06434235445723113,1.0469339701011,0.0,0.2366665539679064,0.2695748595947065,0.0,0.08236718540939358,2.230661915930641
21686592,0.3751519940621826,0.5765089577366833,0.27386127875258304,0.6738388299360805,0.44371924202579033,0.6364903769893148,0.12912361998386465,0.04542178602563301,0.9941287646784936,0.08288714672897525,0.0,0.2045538883995235,0.234885570151832,0.21455380055672127,0.1533674763093593,0.09486473500530397,,,,,,,,
21686597,,,,,,,,,0.16298448077274294,0.012662560549478445,0.0,0.11923451148989046,0.0580656943000943,1.2251666553303404,0.05104809234457941,2.4073971523477518,0.06833119411915717,0.5920429043690022,0.0,0.26702159457597563,0.17510109131411872,0.0,0.05644746603925448,2.267681662133787
21686574,,,,,,,,,0.09095516764588304,0.15666898471840898,0.0,0.16424278530341033,0.1505165670965698,1.68409120501628,0.07575333429681362,1.6148390814814486,0.025582171640929307,0.6405696001539022,0.0,0.17645694270873927,0.35035477992027514,0.0,0.06698469685151666,1.8333563565321587
21686567,,,,,,,,,1.97065584615419,0.07918603653662303,0.0,0.2401384519581739,0.11603598481439677,1.9924499157235214,0.06231067298533113,2.074981242481942,0.22653288115597647,0.3590367569312913,0.0,0.21377938129381321,0.23119817105350096,0.0,0.13041207861777904,1.4359331265524191
21686571,,,,,,,,,0.3223239445484361,0.013436260278798438,0.0,0.04315865390551283,0.0765056522795882,0.7486521221502014,0.10183282925074831,1.5739564115905242,0.42263047121919134,0.22576182734252945,0.0,0.17590970985279095,0.6586487821163083,0.0,0.06976800149602996,1.8718253801523477
21686598,,,,,,,,,0.7238578401298399,0.06502132432964328,0.0,0.10076753729433577,0.08283187379965498,1.5027816800113638,0.15537056085917944,2.0810504536339014,0.8511060130497217,0.4527113178255574,0.0,0.20477904069206748,0.22600869993497213,0.0,0.14721688228179033,1.577153618030505
21686582,0.20795694138408435,0.323928951300258,0.3182990507593224,0.1796200406269744,0.20600117299360335,0.4136410292740569,0.11328100405237196,0.8473215268343635,1.302677093924575,0.0651428231073852,0.0,0.06392670201843242,0.06839761579227728,1.235886995912922,0.10448866178028503,2.067800094065023,0.3597962111478867,0.5128862705701087,0.0,0.2727419711069896,0.3249659837897047,0.0,0.11713042036901722,1.6551364147656793
21686539,,,,,,,,,0.6885219847209065,0.06123477817192176,0.0,0.11042941804864352,0.21956419108838274,1.1996832915398965,0.12270119028124093,2.552962952066853,0.1520029057501688,0.416523981978033,0.0,0.19552525941580345,0.3320999330393731,0.0,0.02674952205316686,1.4887277827956913
21686564,,,,,,,,,0.730030044889481,0.11272133855255977,0.0,0.14206989624858726,0.18663971784493885,1.8045451873902558,0.16601821878271492,1.3409948237898406,0.3082417156453442,0.4291380387160836,0.0,0.24037293867883427,0.27678644211912706,0.0,0.1488882328687517,2.427945419592297
21686594,0.7033667516031766,0.20357836559310769,0.40636893863300405,0.1926850317085749,0.16137538693143375,0.7233059024862362,0.08418031596334581,0.05183236053095269,2.013005495397243,0.044672300150989136,0.0,0.09449111746659275,0.0907206479760147,1.1535192210824203,0.047953620337118585,1.4073532087668645,0.5965314427028886,0.44005643326131993,0.0,0.14884837845171775,0.12445291931377611,0.0,0.07850708817685366,1.0739192245674472
21686588,0.017600277386462623,0.4315495227646667,0.23671361036774663,0.39070388191261,0.3589062127288633,0.0,0.2147929260676189,3.3917352388332787,0.15203666081679085,0.06451900253276938,0.0,0.1962103529342022,0.06151401662662484,0.25123693995907526,0.05498599301651402,2.3487062781904795,0.021536987699292985,0.7539216454516952,0.0,0.24143061965713974,0.22250954960672964,0.0,0.13020298893782847,2.5461894816608655
21686503,,,,,,,,,0.08696105668868355,0.08601701997118899,0.0,0.0652430576708987,0.22994083552257152,2.179449471770337,0.053274686121328615,1.8593247390255134,0.05054338849054062,0.9518294391366882,0.0,0.3260158954989583,0.8722651029661475,0.0,0.08434776628670775,1.8076511581579555
21686561,0.38124136740329395,0.15240802562424888,0.4780376554205746,0.14764101754823247,0.5445132798270442,0.5950462166924516,0.13312259966994314,0.11548036924688429,0.4451325592077983,0.08166497000506377,0.0,0.08026436335130657,0.09833210943333412,0.8655523972475337,0.1810082241806657,2.272939850708499,0.06852343873045648,1.4727816408453676,0.0,0.39239627256197956,0.40751036613281794,0.0,0.10042367864853574,1.6288674462537274
21686532,,,,,,,,,0.05782527176796843,0.05299933184022488,0.0,0.14524557826808476,0.09488198550486815,1.7888543819998322,0.14654417185925156,1.487659934687845,0.03148870174044656,0.7325946360143046,0.0,0.487103292995459,0.34237170550479534,0.0,0.07357096348199378,1.555587859274673
21686605,,,,,,,,,0.4590380651360357,0.09528813520858247,0.0,0.12336372073249699,0.1271372888379305,1.85868770911092,0.11853162112474572,2.134799655442723,0.09486753777989061,0.39913573654282336,0.0,0.2338632985909939,0.331119989997611,0.0,0.07377911116632516,1.4140915407534027
21686573,,,,,,,,,0.43998098373413086,0.03415210343249909,0.0,0.09856241529291776,0.07986184145794588,0.967724995371447,0.039634110468074885,1.2081105239953502,0.17878993535217694,0.6656634925699515,0.0,0.15716755827578216,0.4432528446199003,0.0,0.128413679411239,1.5832639932265726
21686578,,,,,,,,,4.05620750600451,0.027234674995666907,0.0,0.09719001491430637,0.09121933823210561,1.6827319057611843,0.018211379225423208,2.154549651492547,,,,,,,,
21686555,,,,,,,,,1.5018830615747314,0.06122432607705588,0.0,0.06946789524735077,0.07940942574671886,0.898687932488247,0.0715667140976934,1.8056622253066454,0.5040192682467964,0.5998021979740412,0.0,0.21832966554084857,0.43404661461536304,0.0,0.06543241665127306,1.3279917505219703
21686599,0.11974194423995425,0.12066450642406262,0.040414518843273836,0.06050286017632848,0.05784915060268519,0.3219213154380016,0.07181524024812802,0.06214673864527705,0.727030686466683,0.0722876875784158,0.0,0.08721346521082428,0.1177980802683161,0.4406046045860365,0.10860615641614034,1.971987202658241,0.11650910958122905,0.6783434954401897,0.0,0.18621717384342967,0.16950304169999508,0.0,0.11692859311756088,1.6280566197183035
21686563,0.0974764498773447,0.14310601322322297,0.8198373822492685,0.06962848024522972,0.23051417857642817,0.28618176042508375,0.045580480886827646,0.06102595766416278,2.769570036561077,0.04210886507204113,0.0,0.09866689423006042,0.0858384711129242,1.6422616519097477,0.12002639861039091,1.599540935670491,0.2971497175067576,0.3353052784103256,0.0,0.2789314019245101,0.35674171576296804,0.0,0.09469898068175608,1.449660367071601
21686552,,,,,,,,,0.3926040460292249,0.10486642673795021,0.0,0.10243022000589894,0.11417073814525588,1.7159818150969985,0.10612502128807219,1.391799379969662,0.026260798246895155,0.7343679215204275,0.0,0.24921085725460232,0.25899016301133576,0.0,0.07848551507918952,1.0195099064554412
21686593,0.0644122647323176,0.12597534197459448,0.2543619468395381,0.20945666999732618,0.3060632043950532,0.19808107206674522,0.0516505149583175,0.046540466143938294,0.16679311882592066,0.06857338813407035,0.0,0.18847906566468361,0.0896754883885018,1.2642239604683272,0.14719914034045994,1.4519592856943873,0.12746745127732304,0.5070134645722831,0.0,0.4502836010074383,0.36545144094515125,0.0,0.10612281171537342,1.4247375401080733
21686521,,,,,,,,,0.01991160679562905,0.06375249692760067,0.0,0.1629940460365853,0.16325519759000448,0.3761072542063854,0.12988071623487918,1.870849463757104,0.20392682967749706,0.5372688104152357,0.0,0.23849198498699087,0.44142112659473204,0.0,0.034659910448094106,1.1806472974371522
21686549,0.37548157595225695,0.10312410755824895,0.4927135746726151,0.11487670986150614,0.44405891671695347,0.02380476142847616,0.054721457338515564,0.09115554105046163,,,,,,,,,0.21894387363729786,0.27382524997779184,0.0,0.3669678501298758,0.6037243508145449,0.0,0.0398309400032823,1.2014895863909008
21686596,,,,,,,,,1.317800449702178,0.041978845605821685,0.0,0.061116677375899355,0.09000424301590058,1.6337990214295768,0.08859388843127555,1.1749658588224368,0.1523221534776723,0.5253007713210689,0.0,0.12449463525085572,0.1556697142674086,0.0,0.07288187820587082,1.1053672922254405
21686500,,,,,,,,,0.14080240545818976,0.07402445565039088,0.0,0.1482982250002606,0.12744175753011333,0.37372449745768604,0.12361157229343915,1.3295824011650181,0.24890583926715956,0.4636003841830333,0.0,0.14972055869871206,0.1814007772482952,0.0,0.11902579285574062,1.5108658334960985
21686569,0.0,0.02698016451887795,0.0,0.11615416665000383,0.308078225714203,0.0,0.030120177237921097,3.466907462844055,,,,,,,,,0.08874933758802364,1.33107484268113,0.0,0.8788365315315562,0.9442489577712522,0.0,0.09907954583725037,2.271556586810936
21686496,0.23953449337684773,0.3435502489757954,0.5180894388681038,0.24682311390319944,0.13333727717838714,0.6384277562888381,0.08955155895882999,1.5675674921596001,0.0,0.0,0.0,0.0,0.0,0.0,0.0,0.0,0.09188768152035459,0.7908439655692517,0.0,0.6752333498758459,0.32869546738282124,0.0,0.0917180765872103,1.6810568095367082
21686519,,,,,,,,,0.23159528926091968,0.47265944840505514,0.0,0.7194398384274103,0.5066794665095682,1.391779436548766,0.08778629129754864,1.2375331668326737,0.17034731367994468,0.9578160608260541,0.0,0.8945007867476473,0.4050922842759848,0.0,0.133322673908335,1.8869013498029055
21686550,0.09105306576417802,0.11058574781445411,0.0,0.37240783660717347,0.15553042054484695,0.8660254037844386,0.1816604980020148,2.7207645086901486,0.7514920526797706,0.11047874201295492,0.0,0.14584587515465577,0.14813947748534984,2.3402617374986074,0.05226162395011171,1.6288285685778052,0.0677261599926507,0.7689417570748994,0.0,0.4704002647181223,0.21846318965557596,0.0,0.10668354836206967,1.9298766797690878
21686499,0.18527941225497496,0.2618315166486796,0.18481168021220182,0.2577708913672612,0.5513109972107257,0.2896672968374974,0.07426766595136594,0.06867767473408258,0.016796645820887638,0.032195136196587995,0.0,0.12375893415595744,0.06989748932822917,0.4215447781671598,0.12987844889644082,1.9326231354198298,0.0374100818962571,0.441424712540023,0.0,0.6233471916757446,0.5613108827481453,0.0,0.09090841161657653,1.6265362387351967
21686526,,,,,,,,,1.3788820626456653,0.08491667378845276,0.0,0.21006621380502524,0.12042527927455514,1.672869291566638,0.04130900592489661,2.170629929489534,0.2379837442659928,0.43335072215771325,0.0,0.38149261563676834,0.746630350034798,0.0,0.05457518702587951,1.3922196513797658
21686576,0.34797569374585036,0.17264521041139846,0.44170880302147775,0.08375177248020893,0.21222774862710575,0.6619592132450458,0.14379978352705006,1.2333769775280623,0.26566967187036883,0.05183006077744148,0.0,0.09945933584869433,0.14661970091524967,0.6322748046312052,0.1221138093870345,1.8257436797432718,0.17624104794250126,0.536919341246339,0.0,0.5856993822531025,0.3418176375374911,0.0,0.044799151615975114,1.5934585305587452
21686614,,,,,,,,,0.24062807867869354,0.1399542586807382,0.0,0.12041871791538199,0.19488424763970646,1.4006526256634004,0.2010158463309941,1.3767448367046582,0.21396382516479542,0.4034061328706879,0.0,0.36654803333269537,0.6208059896103933,0.0,0.05074439850677053,1.4909680868657942
21686611,,,,,,,,,0.4827975137494418,0.07429721280310303,0.0,0.09651105271947849,0.09415508319716791,0.3395953474357386,0.0822367853995439,1.4611998626728404,0.03679880085806549,0.880705296318601,0.0,0.3144069879036249,0.33607559255886715,0.0,0.1236294641159777,1.2937591514602989
21686508,,,,,,,,,2.40239622632424,0.04018175982769981,0.0,0.08795590438597942,0.04061730701998538,1.6337400854073045,0.09288745825030727,0.924614030982798,0.4725936296492417,0.3178894847711891,0.0,0.08350076692248291,0.1741088914141972,0.0,0.0779243070253982,1.2098798368911734
21686535,0.28016464667630153,0.058722752314433226,0.44687184342319486,0.10512367955493009,0.32293056558871547,0.18048545647780043,0.027153154143234312,3.0911042451850506,,,,,,,,,0.13304980521273443,0.6268311877413462,0.0,0.2905291996463509,0.6348428831864898,0.0,0.10814822244129171,2.928859520598349
21686580,,,,,,,,,1.2845840342708992,0.057350247083191815,0.0,0.11267580282075212,0.11892784076087733,0.40705427379918496,0.15142131797016573,2.0889284148026133,0.14336345136976916,0.6867376999717233,0.0,0.20644984857028761,0.23059762949776383,0.0,0.057606744169383814,1.4315729771003938
21686562,,,,,,,,,0.09441902074106832,0.08349298953849454,0.0,0.1270857067459629,0.1583761833978991,2.0199092388850874,0.05273046998495449,0.11822992446329296,0.07296546729491064,0.9685716420085471,0.0,0.9522809902805704,0.3609710094616874,0.0,0.08305689729566394,1.4491063029112938
21686591,,,,,,,,,0.3775266109468181,0.07951766403454923,0.0,0.1566489439636887,0.11938046479621992,1.0200114378443668,0.20560214533213717,1.136218380426558,0.05704589963198529,0.8387365036152215,0.0,1.1162543778609095,0.3357088358340855,0.0,0.0980791929493651,1.3447206660907989
21686545,,,,,,,,,0.037630717261182556,0.09584061551651726,0.0,0.14158147536821417,0.20857564651944713,0.23973944189473703,0.12306514664823928,1.7049637597944922,0.12155436415413776,1.348457862952658,0.0,0.6952370936143253,0.8831389263394037,0.0,0.05437203873296659,1.446657258262326
21686543,,,,,,,,,0.08767751843537398,0.06572395992196078,0.0,0.1217590576600774,0.13307498588576733,1.9200086805359327,0.11749762603577028,2.93804865876125,0.041342295943026595,0.5478884408596232,0.0,0.5769660659231247,0.4441370980140533,0.0,0.16689266342423814,2.1028884978241287
21686505,,,,,,,,,0.2438576837435302,0.03136828476148949,0.0,0.11691959526025551,0.08847390830577134,0.3112876483254676,0.034180036771285886,0.6790119118112572,0.1860485125297901,0.9751881520042502,0.0,0.5582326495591408,0.3707990841775347,0.0,0.07239987873212965,1.905396549798851
21686586,0.1114177511637272,0.08396186501771459,0.32140317359976384,0.1458311280877059,0.17530041478558495,0.0,0.09840714162501576,3.496645686504835,0.24972664425683175,0.03908449485675239,0.0,0.029931942259634425,0.035227787493574456,2.4364181359802206,0.20410844666114855,2.9427244740648475,0.11900341693700293,0.4640134761690419,0.0,0.26715166840531124,0.18166378507547695,0.0,0.14322236622714815,1.943619637291276
21686589,0.03975025651956955,0.14324897815717588,0.18229097618916848,0.11189588320896864,0.0870661006014496,0.8067093652611206,0.052326526107458915,0.09398390001469319,0.73641746116027,0.22522809626485535,0.0,0.12007531876112368,0.17342788942992143,1.4206281042293638,0.16831543778977712,1.2710503369710449,0.30781028856633547,0.9297273534167498,0.0,0.19208784989663416,0.27244781553048203,0.0,0.11779933343842017,1.4955464476473854
21686584,,,,,,,,,0.11237592474048327,0.16699103295887985,0.0,0.2088662353803335,0.15889847818705813,0.5716788142538314,0.10232447021458131,1.7079963947463286,0.0239201047963116,1.2846575095598678,0.0,1.1003962091329067,0.43011590964384855,0.0,0.1271759504731206,1.1171574976682517
21686560,,,,,,,,,0.26104599726011823,0.08502403447349242,0.0,0.18746346262931207,0.14730177180921997,1.690673435843441,0.14639434390143638,2.141778752221186,0.07353232346635485,0.7155115043172131,0.0,0.17472834785366392,0.19409577521802499,0.0,0.05332972347376156,1.5683863357548053
21686551,0.884290897205465,0.03408014158303282,0.2961418578992169,0.17057320880058036,0.018660082999176004,0.5770904030854553,0.011831785862499533,0.13427024076086055,0.5711132523416651,0.07834344406301408,0.0,0.13121110668344266,0.07701293376764036,1.8014909499792506,0.1898513438959721,0.1398918252735899,0.14786903014535283,0.8189956672829531,0.0,0.43246148899872555,0.3489975865541287,0.0,0.13599934166266253,1.6349695733006702
21686547,,,,,,,,,0.12541810788091212,0.04666656544805583,0.0,0.07473831424605319,0.0937966118884105,0.24363565694153502,0.02630552826652813,1.87857732349792,0.044895220622184234,0.6398932954633583,0.0,0.6127237916117337,0.5060145734318124,0.0,0.05460648937176546,1.3024618947863473
21686590,1.0232480267563975,0.03277867172763427,0.2718302166181432,0.09940951623741806,0.16961085457795813,0.7812809993849845,0.033891550046037555,3.483302228057643e-11,2.0729247360308998,0.0645934218607402,0.0,0.07660502388901332,0.07898465301149565,1.3992878225213032,0.09920422898948598,1.5629938375890877,0.16198168937606414,0.36973092642758904,0.0,0.16677905922505845,0.16011736307527769,0.0,0.0619397295802346,1.592830823761079
21686581,,,,,,,,,0.36558349755350916,0.007079463156931791,0.0,0.15369836067268447,0.1859598546658393,0.2693665408571253,0.08388317751578563,2.2240676810350437,0.025454869435870282,0.4224616944553092,0.0,0.4059043791979775,0.31821065585640274,0.0,0.03498123139767587,1.7300832207360302
21686609,,,,,,,,,0.49771927373341335,0.0930069193479816,0.0,0.0706889471017025,0.099705084146937,1.4178485266220946,0.09133666266997975,1.5491501149348916,0.04397409307279633,0.5344735206253581,0.0,0.2378134468198957,0.1914317254249659,0.0,0.16985031334040962,2.5064443430590493
21686601,,,,,,,,,1.5354218781378484,0.07363426372544599,0.0,0.038287770707064316,0.06170863583033589,1.283248153778459,0.05097714372982151,1.270446511455311,0.17977166646147982,0.37606077318804215,0.0,0.13432884049421392,0.19132433487272735,0.0,0.1252324282705368,1.6735281745423782
21686565,,,,,,,,,1.7569351539291989,0.059983447104405806,0.0,0.10983533090436073,0.08734107369821205,0.43664099342922114,0.07303848490386115,1.828043531659279,0.8465584484841854,0.5743308006770483,0.0,0.22822584875513868,0.2479655511153261,0.0,0.07620078004993655,1.5868039199509785
