subject_id,m_tot,m_aper,BT,r_tot,ba_tot,BT_aper,xctr_bulge,xctr_bulge_err,yctr_bulge,yctr_bulge_err,m_bulge,m_bulge_err,r_bulge,r_bulge_err,n_bulge,n_bulge_err,ba_bulge,ba_bulge_err,pa_bulge,pa_bulge_err,xctr_disk,xctr_disk_err,yctr_disk,yctr_disk_err,m_disk,m_disk_err,r_disk,r_disk_err,n_disk,n_disk_err,ba_disk,ba_disk_err,pa_disk,pa_disk_err,GalSky,GalSky_err,chi2nu,finalflag,autoflag,pyflag,pyfitflag,ra,dec,dr7objid
20901989,15.605,15.605,0.289252,3.12952,0.538913,0.289252,166.78,0.01,131.89,0.02,16.9518,0.0103,1.94028,0.0153648,0.6752,0.0163,0.2629,0.0031,4.5827,0.2276,166.45,0.03,132.95,0.11,15.9757,0.0158,6.39848,0.0555512,1.0,-999.0,0.5449,0.0026,7.9484,0.3738,20.982,0.000184673,1.09258,5121,2112,318,0,118.685,14.607,587741421632356667
20901992,15.1983,15.1983,0.528383,7.33348,0.475511,0.528383,309.62,0.02,309.42,0.01,15.8909,0.086,5.78358,0.44356,2.1554,0.0791,0.5793,0.0031,62.5462,0.4008,309.15,0.26,308.15,0.12,16.0143,0.0878,17.3978,0.391251,1.0,-999.0,0.422,0.014,78.3585,0.7268,21.2959,6.14591e-05,1.03005,3073,0,62,0,148.692,13.3747,587745538906652834
20901994,14.8755,14.8755,0.316343,5.56325,0.797555,0.316343,243.78,0.01,243.92,0.01,16.1251,0.0088,1.79875,0.0111276,1.1405,0.0117,0.6976,0.0022,-3.3816,0.4394,245.52,0.06,243.92,0.07,15.2884,0.004,9.99576,0.0853867,1.0,-999.0,0.7978,0.0033,-18.1046,0.8192,20.943,8.5454e-05,1.05244,5121,2048,62,0,144.843,36.5746,587735042545221729
20901999,14.8597,14.8597,0.332469,8.30135,0.513546,0.332469,374.13,0.01,321.34,0.01,16.0553,0.0806,3.92979,0.665557,7.5933,0.587,0.5297,0.0064,-49.677,0.5665,373.71,0.08,320.73,0.09,15.2985,0.021,14.5647,0.113694,1.0,-999.0,0.4911,0.0021,-40.0078,0.2556,20.9073,8.7348e-05,1.05402,3073,0,62,128,201.38,-3.37381,587729776364814348
20902000,15.3207,15.3311,0.121364,8.28,0.590136,0.121364,377.09,0.04,149.45,0.08,17.6104,0.0803,5.09038,0.356756,1.6869,0.0934,0.2473,0.0057,23.8053,0.4132,376.42,0.06,150.36,0.08,15.4611,0.0106,11.8601,0.0974804,1.0,-999.0,0.5952,0.003,42.7735,0.6358,20.9824,9.3711e-05,1.04162,5121,2112,65598,2,170.444,25.9716,587741600952615088
20902005,15.7848,15.7951,0.316502,5.38295,0.415318,0.316502,173.24,0.04,262.13,0.04,17.0338,0.1092,3.70886,0.2713,1.4445,0.0526,0.7076,0.0104,1.1386,2.4767,174.95,0.08,263.81,0.16,16.1979,0.0493,10.6069,0.20772,1.0,-999.0,0.3768,0.011,-16.2337,0.3283,20.6517,0.000106881,1.0218,5121,2048,62,0,200.581,2.42075,587726032794419368
20902020,13.9637,14.0428,0.411019,6.9555,0.80934,0.4417,286.61,0.01,286.92,0.02,14.929,0.0034,4.81861,0.0121968,0.8612,0.0044,0.4037,0.0008,11.8078,0.0801,287.19,0.05,283.24,0.05,14.5384,0.0028,12.8862,0.0716983,1.0,-999.0,0.7714,0.0027,78.7322,0.5353,21.0707,9.96683e-05,1.23688,5121,2048,62,0,134.348,17.288,588023240743190596
20902028,15.0221,15.0483,0.140236,8.36875,0.396196,0.1436,360.44,0.03,373.75,0.03,17.1549,0.0163,2.28797,0.0253044,0.8479,0.0181,0.8749,0.0072,-54.7254,2.9967,362.34,0.05,374.02,0.11,15.1861,0.0036,15.5588,0.114491,1.0,-999.0,0.3927,0.0021,-1.9221,0.1596,21.1501,5.95903e-05,1.03275,5121,2048,62,0,222.642,24.8215,587739707949580440
20902031,15.5119,15.531,0.32024,6.63304,0.528809,-999.0,302.28,0.03,207.88,0.03,16.7482,0.2575,5.30169,1.20756,2.2459,0.2247,0.5779,0.0104,-46.1694,1.1472,301.78,0.11,207.26,0.1,15.931,0.1083,10.899,0.19197,1.0,-999.0,0.5138,0.0053,-48.1635,0.5024,20.7435,7.12893e-05,0.99908,3073,0,62,0,179.361,-2.24773,587724649793650785
20902032,14.9929,15.0188,0.19234,8.84977,0.63018,0.1968,397.06,0.02,397.41,0.04,16.7828,0.0417,4.4352,0.130601,1.3162,0.0333,0.4202,0.004,13.4941,0.4092,398.06,0.07,396.77,0.1,15.2249,0.0087,13.5148,0.0972146,1.0,-999.0,0.631,0.0032,37.9776,0.6812,20.9326,4.49208e-05,0.99811,5121,2048,62,0,177.037,12.9146,588017567097028726
20902033,15.8338,15.8343,0.4312,7.22241,0.865236,0.5688,353.65,0.09,249.58,0.08,16.7471,0.1689,5.73545,0.37909,1.0,-999.0,0.8692,0.0112,71.318,4.8177,352.66,0.23,248.27,0.2,16.4464,0.1229,9.23745,0.112464,0.3236,0.0253,0.8457,0.0094,-83.1868,3.2641,20.6167,7.31382e-05,1.00072,9217,8454656,62,0,166.779,16.9404,587742864743989372
20902034,14.4025,14.4025,0.173442,6.71648,0.56523,0.173442,330.26,0.01,329.75,0.02,16.3046,0.0189,2.58342,0.0774972,3.9465,0.1,0.1548,0.0025,-14.6954,0.1653,331.52,0.02,330.02,0.03,14.6093,0.0033,10.2684,0.0263802,1.0,-999.0,0.5804,0.0011,-35.92,0.2477,21.0202,9.68111e-05,1.13147,5121,64,62,0,199.061,41.4945,588017948282912812
20902036,14.8683,14.8918,0.198714,4.57491,0.71628,0.1978,216.41,0.01,216.58,0.01,16.6228,0.0332,1.87569,0.0917136,3.6872,0.1419,0.4841,0.0081,-34.4667,0.5845,216.46,0.02,217.8,0.02,15.1089,0.0065,6.68868,0.02339,1.0,-999.0,0.6262,0.0035,46.0934,0.1849,21.1008,0.000104624,1.04064,5121,128,62,0,189.422,26.7076,587741600960086092
20902037,14.7549,14.8135,0.0816314,10.5429,0.664654,0.0861,361.92,0.03,238.51,0.02,17.4752,0.025,2.79473,0.0616968,1.4067,0.0346,0.453,0.0057,60.6283,0.5591,361.65,0.07,238.0,0.05,14.8473,0.003,14.0566,0.0589401,1.0,-999.0,0.6637,0.0021,-78.048,0.3878,21.1901,0.000106864,1.09806,5121,2048,62,0,166.746,23.0063,587741828047175800
20902038,14.9374,14.9374,0.213663,5.05593,0.616328,0.213663,251.45,0.01,251.91,0.01,16.6131,0.0437,2.14925,0.110048,2.702,0.0989,0.6341,0.0084,-77.3278,0.7848,252.06,0.02,251.32,0.04,15.1984,0.0104,7.86049,0.0433911,1.0,-999.0,0.5629,0.0049,18.8219,0.2015,20.8616,8.86532e-05,1.02699,5121,128,62,0,167.764,19.1916,587742572684378218
20902043,15.2377,15.3438,0.140036,13.8041,0.941672,0.1542,125.7,0.03,473.54,0.07,17.3721,0.032,5.70311,0.148936,1.318,0.033,0.3393,0.0046,7.2071,0.3589,125.11,0.16,476.76,0.16,15.4015,0.0056,16.5505,0.143131,1.0,-999.0,0.9204,0.0076,-66.5277,3.6768,21.4434,0.000139896,1.04767,5121,2112,62,0,214.904,38.2343,587736584964604113
20902044,14.8401,14.9225,0.154508,5.28442,0.541328,0.0974,236.84,0.06,236.82,0.04,16.8677,0.0993,19.8144,5.58796,8.0,0.9723,0.2684,0.0094,81.7412,0.6987,237.24,0.01,236.11,0.01,15.0223,0.0038,5.05576,0.0117614,1.0,-999.0,0.9196,0.0021,49.2951,1.5969,20.9438,8.37792e-05,1.08105,5121,64,62,128,170.534,4.69282,588010359082123398
20902045,15.7953,15.8306,0.262051,6.49317,0.839856,0.266,288.28,0.04,302.1,0.04,17.2493,0.3463,3.85205,1.10924,2.0935,0.2631,0.8051,0.0179,-28.5898,2.8043,288.26,0.1,302.31,0.12,16.1252,0.1149,8.30691,0.159942,1.0,-999.0,0.8445,0.0073,-19.2272,2.9883,20.7943,7.7384e-05,1.0135,3073,0,62,0,120.03,55.3497,587738197189722386
20902049,15.198,15.198,0.368852,4.51773,0.698918,0.368852,215.35,0.01,215.22,0.01,16.2809,0.0515,1.96388,0.166122,4.4665,0.2355,0.5712,0.0053,20.5073,0.5487,215.38,0.04,215.28,0.06,15.6977,0.0233,7.40798,0.0562821,1.0,-999.0,0.7193,0.0036,-2.1389,1.0417,21.073,9.9714e-05,1.07008,3073,0,62,0,139.267,20.0935,588023046941311273
20902050,14.5618,14.5618,0.362932,8.09868,0.647434,0.362932,316.77,0.02,317.17,0.01,15.6623,0.0428,8.14659,0.515869,4.5043,0.113,0.5291,0.0039,-86.8442,0.3929,316.01,0.05,316.1,0.03,15.0514,0.0123,10.1338,0.0516972,1.0,-999.0,0.7488,0.0028,-58.6594,0.5371,21.1647,0.000109493,1.06846,3073,0,62,0,244.925,37.8063,587733441051689131
20902057,15.0898,15.1206,0.100624,7.39554,0.853422,0.0936,336.13,0.02,252.05,0.03,17.5831,0.0677,4.50292,0.590555,6.1981,0.4643,0.1898,0.0079,14.0339,0.493,336.03,0.04,252.2,0.04,15.205,0.0041,7.81936,0.0363475,1.0,-999.0,0.9799,0.0037,-48.2873,10.5169,21.0476,9.97553e-05,1.08585,5121,64,62,2048,202.578,32.5144,587739405714915421
20902058,14.698,14.8165,0.258858,10.2672,0.784073,0.198,203.16,0.03,225.33,0.02,16.1653,0.1162,17.4984,4.01366,8.0,0.6026,0.3975,0.0085,-79.9134,0.5698,202.93,0.05,225.55,0.06,15.0232,0.0086,10.4341,0.050634,1.0,-999.0,0.9117,0.0035,-10.3771,2.0712,20.9734,9.31363e-05,1.00988,5121,64,62,128,180.69,39.0963,588017977817825371
20902061,15.7988,15.7988,0.289763,3.17542,0.620975,0.289763,91.3,0.02,167.1,0.02,17.1437,0.0751,0.911038,0.14161,8.0,1.1964,0.3158,0.0112,-84.5918,0.7568,91.0,0.05,167.31,0.03,16.1703,0.0178,5.26692,0.0366133,1.0,-999.0,0.6554,0.0041,78.7884,0.7108,21.1108,0.000204095,1.09162,5121,64,62,128,206.017,45.3103,588017115050999842
20902063,14.6521,14.6521,0.30084,11.2392,0.89444,0.30084,408.13,0.01,408.5,0.01,15.9563,0.0851,4.34475,0.783724,7.911,0.6133,0.7163,0.0088,-66.0671,0.9149,407.42,0.09,408.45,0.08,15.0407,0.0181,15.1819,0.127117,1.0,-999.0,0.7793,0.0059,46.8885,0.6722,20.6809,3.65765e-05,0.98579,3073,0,62,128,235.46,5.85374,588017990703317218
20902065,15.0609,15.0609,0.256919,5.53438,0.725783,0.256919,260.87,0.01,260.69,0.01,16.5364,0.0272,3.04219,0.123473,4.1608,0.1035,0.2445,0.0038,60.0739,0.2084,261.11,0.05,260.77,0.04,15.3834,0.007,7.17959,0.0310316,1.0,-999.0,0.8675,0.0037,82.1619,1.7633,21.0515,9.8119e-05,1.09715,5121,64,62,0,125.366,12.3926,587742062121582703
20902066,14.9956,14.9956,0.576508,5.43059,0.848996,0.576508,213.31,0.01,111.09,0.01,15.5936,0.0327,3.91398,0.203148,4.8558,0.1142,0.5659,0.0028,-13.3146,0.3269,211.92,0.08,112.7,0.09,15.9285,0.0277,9.03737,0.120804,1.0,-999.0,0.839,0.0083,46.3688,3.1043,20.7423,0.000147664,1.06843,3073,0,62,0,353.431,-0.569577,587731185664196742
20902067,15.5451,15.6715,0.244685,3.90171,0.924293,0.1558,174.47,0.04,174.99,0.05,17.0736,0.1474,11.7261,5.05189,8.0,1.4545,0.8139,0.0312,-76.8712,7.6446,173.93,0.01,174.0,0.02,15.8498,0.0082,4.07643,0.0183399,1.0,-999.0,0.6943,0.0023,20.9517,0.4048,21.1556,0.000156619,1.03479,3073,0,62,128,157.94,22.0772,587741828580507674
20902069,15.7458,15.7458,0.40819,4.54489,0.636727,0.40819,206.19,0.01,206.55,0.01,16.7187,0.0458,2.47353,0.126205,2.7723,0.0837,0.7765,0.0092,35.4561,1.4184,207.41,0.08,207.48,0.05,16.3154,0.0259,8.64771,0.110903,1.0,-999.0,0.4953,0.0096,-57.2839,0.3357,21.3413,0.000133309,1.03671,3073,0,62,0,235.581,17.8061,587739809959379307
20902071,15.1819,15.1819,0.353384,4.08933,0.582021,0.353384,202.8,0.01,202.18,0.01,16.3112,0.0222,1.38327,0.0401544,2.8861,0.0879,0.5546,0.005,72.7188,0.3643,202.73,0.06,201.85,0.04,15.6552,0.0106,8.41873,0.0504346,1.0,-999.0,0.5688,0.0026,-73.7323,0.3704,21.1946,0.000104368,1.01206,3073,0,62,0,156.466,39.5295,588016892786638917
20902080,16.3444,16.4697,0.222903,3.89261,0.712648,0.1371,124.99,0.09,170.1,0.1,17.9741,0.3754,13.4584,14.1363,8.0,3.4463,0.5728,0.0459,-45.3801,6.1398,125.34,0.03,170.41,0.04,16.6182,0.018,3.91848,0.0384739,1.0,-999.0,0.7618,0.0067,13.4448,1.4016,21.0083,0.00015498,1.06302,3073,0,62,128,244.505,13.5311,587742615637393794
20902085,15.6797,15.6849,0.490031,3.87042,0.523265,0.490031,77.42,0.07,209.11,0.04,16.4542,0.1314,4.28428,0.178042,1.2591,0.0319,0.4442,0.0064,40.1038,0.3169,74.36,0.32,206.87,0.23,16.4109,0.1265,6.62223,0.163996,1.0,-999.0,0.5359,0.0059,40.102,0.6593,20.7475,0.000178716,1.05125,5121,2048,62,0,136.363,44.1439,587731681193754794
20902086,15.6814,15.6946,0.458145,3.77805,0.438046,0.4617,202.54,0.01,203.3,0.02,16.5289,0.0371,3.8157,0.0990396,1.6854,0.0264,0.3023,0.0024,-19.5186,0.2572,200.38,0.07,201.18,0.07,16.3467,0.0295,8.24609,0.0957527,1.0,-999.0,0.4325,0.0029,-41.9541,0.7607,21.1967,0.000120064,1.0136,5121,2112,62,0,235.474,32.7631,588017605238915235
21096791,14.8229,14.9077,0.385422,5.05043,0.943836,0.4166,238.73,0.01,238.38,0.01,15.858,0.0117,2.71442,0.012474,0.7659,0.0048,0.9009,0.0025,-27.7486,1.3478,239.14,0.07,240.03,0.06,15.3514,0.0052,8.61522,0.0806688,1.0,-999.0,0.941,0.0038,-71.9275,3.2345,21.1902,0.000106869,1.10786,5121,2048,318,2,166.828,22.942,587741828047241286
21096795,15.1608,15.2163,0.145904,13.5066,0.702298,0.1518,522.17,0.05,521.81,0.05,17.2507,0.2712,6.04633,1.56325,2.2583,0.3068,0.5739,0.0134,-43.1738,1.4589,522.17,0.19,521.62,0.13,15.3321,0.0421,18.1056,0.227986,1.0,-999.0,0.7025,0.004,-67.2802,1.5753,20.8912,4.10564e-05,1.03409,3073,0,62,0,181.793,13.2475,588017704541880472
21096801,14.9158,15.2313,0.344471,10.8574,0.546027,0.4034,358.06,0.05,358.28,0.03,16.0729,0.0289,7.9533,0.15745,1.6847,0.0218,0.4247,0.004,-89.5336,0.2226,360.67,0.13,356.12,0.19,15.3743,0.0113,19.9905,0.213368,1.0,-999.0,0.4569,0.0067,31.1944,0.3533,20.9065,7.71174e-05,1.35074,5121,2176,318,2,181.853,-0.158318,588848899913482301
21096811,14.5168,14.5509,0.136796,9.84476,0.829716,0.1407,421.11,0.03,420.77,0.03,16.6766,0.1889,3.81257,0.581011,1.8219,0.1506,0.9133,0.0109,51.2007,5.4091,421.79,0.06,421.22,0.05,14.6765,0.0284,12.109,0.127515,1.0,-999.0,0.8252,0.0045,89.4991,0.6405,21.1751,5.20238e-05,1.07743,5121,2048,62,0,155.899,37.6378,588016890638696567
21096825,15.3303,15.4273,0.148075,9.13006,0.831433,0.1606,378.94,0.07,379.08,0.06,17.4041,0.128,3.73024,0.28813,1.213,0.0568,0.791,0.0116,-69.5055,2.8584,378.21,0.13,378.93,0.1,15.5043,0.0196,11.5231,0.160208,1.0,-999.0,0.831,0.0042,86.61,1.7564,21.1272,5.39068e-05,1.02273,5121,2048,62,0,230.486,10.5675,587736915683246411
21096843,14.7516,14.8031,0.147044,11.1655,0.897397,0.1524,449.5,0.04,97.29,0.04,16.833,0.2948,4.33565,1.15755,2.1997,0.2789,0.9782,0.0166,0.0,28.8658,448.29,0.08,96.38,0.1,14.9243,0.0466,13.6307,0.16971,1.0,-999.0,0.8332,0.0066,18.5784,1.0833,20.8613,0.00012453,1.09581,3073,0,65598,1026,169.121,41.0783,588017720639815764
21096853,15.1621,15.2565,0.177183,7.08131,0.864117,0.1917,293.46,0.04,291.18,0.06,17.041,0.0347,4.16477,0.0829224,0.9611,0.0221,0.4188,0.0057,26.3898,0.4144,293.38,0.05,295.18,0.06,15.3738,0.0078,8.9179,0.0605349,1.0,-999.0,0.8778,0.005,39.4182,1.8004,21.0609,9.47248e-05,1.02228,5121,2048,62,0,165.777,50.3412,587732134844170364
21096872,14.5971,14.6172,0.106672,7.46824,0.736093,0.1073,321.82,0.01,322.27,0.02,17.027,0.0132,3.34058,0.0595584,2.6323,0.0507,0.1196,0.0021,-45.5894,0.1358,323.36,0.02,323.75,0.02,14.7196,0.0021,9.41986,0.0219946,1.0,-999.0,0.745,0.0018,-18.7651,0.45,20.9884,9.63514e-05,1.05854,5121,64,62,0,223.838,5.2978,587736545773682791
21096893,15.3613,15.3613,0.240421,3.48837,0.745327,0.240421,187.51,0.01,187.8,0.01,16.9088,0.0408,0.855202,0.0763884,8.0,0.6022,0.3084,0.0085,27.9658,0.512,187.42,0.03,187.3,0.03,15.6598,0.0079,5.02699,0.0216623,1.0,-999.0,0.808,0.0028,-11.2199,1.1716,21.1628,0.000169461,1.12815,5121,64,62,128,196.495,25.4657,587742191520382993
21096900,15.1546,15.1546,0.227208,4.11872,0.785195,0.227208,171.13,0.01,150.31,0.01,16.7635,0.0354,1.69167,0.0890208,3.6816,0.1354,0.5378,0.0078,-27.9891,0.6063,169.82,0.02,152.11,0.02,15.4344,0.0085,5.70742,0.0245196,1.0,-999.0,0.7219,0.0041,36.4311,0.4222,20.98,0.000145867,1.16768,5121,128,62,0,198.759,28.0364,587741723362066541
21096907,14.5295,14.5452,0.171418,14.001,0.564149,-999.0,495.9,0.01,280.55,0.01,16.4444,0.004,1.20384,0.0059004,1.7097,0.0275,0.6015,0.0035,28.8586,0.3824,496.3,0.08,280.3,0.14,14.7337,0.0043,22.9421,0.153032,1.0,-999.0,0.5616,0.0022,28.0911,0.3122,20.9118,4.29943e-05,1.01187,5121,2048,62,0,161.652,52.1496,587731868555477136
21096909,14.4671,14.4671,0.146917,14.8634,0.72387,0.146917,547.57,0.03,368.63,0.03,16.5494,0.2028,9.26735,3.25223,6.4107,0.7971,0.7892,0.0179,1.0657,3.0409,547.37,0.08,368.63,0.11,14.6396,0.0163,18.5842,0.0935599,1.0,-999.0,0.6966,0.0026,8.8648,0.4367,21.0384,4.93763e-05,1.03498,3073,0,62,0,155.901,28.3133,587741566587109433
21096924,14.9489,14.957,0.23739,8.24298,0.445446,0.23739,392.51,0.05,391.49,0.08,16.5102,0.0908,8.09685,0.459439,1.4405,0.0477,0.2405,0.0035,31.4688,0.1763,392.68,0.07,390.38,0.12,15.2431,0.0277,14.3809,0.127582,1.0,-999.0,0.4651,0.0071,25.1497,0.3542,20.8452,4.09233e-05,1.01496,5121,2112,62,0,203.13,4.80251,588010879306039459
21096927,16.0758,16.096,0.223637,5.75154,0.742125,0.2274,277.14,0.1,261.09,0.03,17.702,0.0273,4.05813,0.0936936,0.9991,0.031,0.268,0.0049,-83.5989,0.3348,276.1,0.15,260.87,0.09,16.3507,0.0094,8.13055,0.103195,1.0,-999.0,0.7638,0.0079,-75.0633,1.5196,21.0857,0.000101952,0.999,5121,2112,62,0,183.838,28.18,587741722819494015
21096935,16.4236,16.4236,0.227612,5.43593,0.565126,0.227612,250.81,0.04,250.12,0.04,18.0306,0.2642,3.9998,2.14315,7.3718,1.711,0.3546,0.0183,-0.079,1.4381,250.55,0.08,249.99,0.12,16.704,0.0345,7.19129,0.100936,1.0,-999.0,0.6665,0.0063,21.939,1.2853,20.9647,9.01138e-05,1.11956,5121,64,62,0,140.828,22.2997,587741532773351681
21096950,14.408,14.408,0.145686,6.21348,0.596414,0.145686,311.53,0.01,165.09,0.01,16.4994,0.0441,1.73567,0.178834,8.0,0.5814,0.2019,0.0046,49.2401,0.2696,311.04,0.02,165.24,0.02,14.5789,0.0046,8.53793,0.0241209,1.0,-999.0,0.6595,0.0026,46.7908,0.1692,20.9654,8.97785e-05,1.28888,5121,64,62,128,172.876,6.06614,588010360693719113
21096969,16.2059,16.2059,0.385662,2.40481,0.552063,0.385662,130.36,0.01,129.46,0.02,17.2403,0.0204,1.31171,0.0115236,1.1522,0.0447,0.5771,0.0083,-27.3085,0.9015,130.66,0.05,129.92,0.07,16.7348,0.0089,5.17928,0.0901046,1.0,-999.0,0.5228,0.007,33.11,0.5101,21.1702,0.000215648,1.09353,5121,2176,62,2,123.762,21.2716,587738946659811665
21096979,16.4169,16.4169,0.163119,3.62113,0.793687,0.163119,180.15,0.03,180.16,0.02,18.3857,0.0476,1.05003,0.0660924,2.9998,0.3775,0.3291,0.0231,73.9629,1.0926,180.19,0.05,180.17,0.06,16.6103,0.0089,4.81388,0.0515643,1.0,-999.0,0.7738,0.0065,5.5841,1.5254,21.067,0.000159698,1.07046,5121,64,62,0,239.513,18.0909,587739720309342466
21096983,15.536,15.5603,0.263264,2.76658,0.973552,0.2688,149.55,0.01,149.75,0.01,16.985,0.02,1.40053,0.023958,1.6205,0.044,0.3616,0.0063,53.8391,0.4675,151.18,0.02,150.12,0.02,15.8677,0.007,3.66079,0.0200675,1.0,-999.0,0.9724,0.0039,-8.7027,8.6726,21.1343,0.000162617,1.03183,5121,2112,62,2048,255.248,24.4331,588018254302871757
21096994,15.1058,15.1058,0.185273,4.80653,0.418839,0.185273,244.34,0.01,244.29,0.01,16.9363,0.0145,0.843678,0.0130284,1.7553,0.0536,0.6498,0.007,-84.472,0.7963,244.66,0.05,244.5,0.02,15.3283,0.0029,9.30483,0.0591394,1.0,-999.0,0.4178,0.0013,-87.5657,0.1404,20.974,0.000100169,1.02003,5121,2048,62,0,245.456,13.0034,587742615637852540
21097001,15.2707,15.2707,0.111232,5.74255,0.566901,0.111232,280.01,0.01,99.64,0.01,17.6551,0.0052,0.33961,0.0042768,1.0543,0.0852,0.8578,0.0206,-77.7544,4.8027,280.1,0.03,99.94,0.05,15.3987,0.0037,8.62425,0.0396699,1.0,-999.0,0.5641,0.0021,-34.9202,0.2815,20.8385,0.000131775,1.11993,5121,2048,62,0,188.774,19.1492,587742575906979897
21097014,15.3253,15.3253,0.196203,4.78,0.560798,0.196203,237.27,0.01,237.66,0.01,17.0936,0.0536,1.71595,0.205168,8.0,0.6284,0.2051,0.0064,-28.7598,0.3933,237.75,0.04,238.22,0.03,15.5625,0.0073,6.96855,0.0325599,1.0,-999.0,0.6175,0.002,-56.9631,0.4331,21.1283,0.000104403,1.12404,5121,64,62,130,157.225,19.839,587742061061603364
21686495,15.605,15.605,0.289252,3.12952,0.538913,0.289252,166.78,0.01,131.89,0.02,16.9518,0.0103,1.94028,0.0153648,0.6752,0.0163,0.2629,0.0031,4.5827,0.2276,166.45,0.03,132.95,0.11,15.9757,0.0158,6.39848,0.0555512,1.0,-999.0,0.5449,0.0026,7.9484,0.3738,20.982,0.000184673,1.09258,5121,2112,318,0,118.685,14.607,587741421632356667
21686498,15.1983,15.1983,0.528383,7.33348,0.475511,0.528383,309.62,0.02,309.42,0.01,15.8909,0.086,5.78358,0.44356,2.1554,0.0791,0.5793,0.0031,62.5462,0.4008,309.15,0.26,308.15,0.12,16.0143,0.0878,17.3978,0.391251,1.0,-999.0,0.422,0.014,78.3585,0.7268,21.2959,6.14591e-05,1.03005,3073,0,62,0,148.692,13.3747,587745538906652834
21686500,14.8755,14.8755,0.316343,5.56325,0.797555,0.316343,243.78,0.01,243.92,0.01,16.1251,0.0088,1.79875,0.0111276,1.1405,0.0117,0.6976,0.0022,-3.3816,0.4394,245.52,0.06,243.92,0.07,15.2884,0.004,9.99576,0.0853867,1.0,-999.0,0.7978,0.0033,-18.1046,0.8192,20.943,8.5454e-05,1.05244,5121,2048,62,0,144.843,36.5746,587735042545221729
21686508,14.8597,14.8597,0.332469,8.30135,0.513546,0.332469,374.13,0.01,321.34,0.01,16.0553,0.0806,3.92979,0.665557,7.5933,0.587,0.5297,0.0064,-49.677,0.5665,373.71,0.08,320.73,0.09,15.2985,0.021,14.5647,0.113694,1.0,-999.0,0.4911,0.0021,-40.0078,0.2556,20.9073,8.7348e-05,1.05402,3073,0,62,128,201.38,-3.37381,587729776364814348
21686510,15.3207,15.3311,0.121364,8.28,0.590136,0.121364,377.09,0.04,149.45,0.08,17.6104,0.0803,5.09038,0.356756,1.6869,0.0934,0.2473,0.0057,23.8053,0.4132,376.42,0.06,150.36,0.08,15.4611,0.0106,11.8601,0.0974804,1.0,-999.0,0.5952,0.003,42.7735,0.6358,20.9824,9.3711e-05,1.04162,5121,2112,65598,2,170.444,25.9716,587741600952615088
21686521,15.7848,15.7951,0.316502,5.38295,0.415318,0.316502,173.24,0.04,262.13,0.04,17.0338,0.1092,3.70886,0.2713,1.4445,0.0526,0.7076,0.0104,1.1386,2.4767,174.95,0.08,263.81,0.16,16.1979,0.0493,10.6069,0.20772,1.0,-999.0,0.3768,0.011,-16.2337,0.3283,20.6517,0.000106881,1.0218,5121,2048,62,0,200.581,2.42075,587726032794419368
21686549,13.9637,14.0428,0.411019,6.9555,0.80934,0.4417,286.61,0.01,286.92,0.02,14.929,0.0034,4.81861,0.0121968,0.8612,0.0044,0.4037,0.0008,11.8078,0.0801,287.19,0.05,283.24,0.05,14.5384,0.0028,12.8862,0.0716983,1.0,-999.0,0.7714,0.0027,78.7322,0.5353,21.0707,9.96683e-05,1.23688,5121,2048,62,0,134.348,17.288,588023240743190596
21686557,15.0221,15.0483,0.140236,8.36875,0.396196,0.1436,360.44,0.03,373.75,0.03,17.1549,0.0163,2.28797,0.0253044,0.8479,0.0181,0.8749,0.0072,-54.7254,2.9967,362.34,0.05,374.02,0.11,15.1861,0.0036,15.5588,0.114491,1.0,-999.0,0.3927,0.0021,-1.9221,0.1596,21.1501,5.95903e-05,1.03275,5121,2048,62,0,222.642,24.8215,587739707949580440
21686560,15.5119,15.531,0.32024,6.63304,0.528809,-999.0,302.28,0.03,207.88,0.03,16.7482,0.2575,5.30169,1.20756,2.2459,0.2247,0.5779,0.0104,-46.1694,1.1472,301.78,0.11,207.26,0.1,15.931,0.1083,10.899,0.19197,1.0,-999.0,0.5138,0.0053,-48.1635,0.5024,20.7435,7.12893e-05,0.99908,3073,0,62,0,179.361,-2.24773,587724649793650785
21686561,14.9929,15.0188,0.19234,8.84977,0.63018,0.1968,397.06,0.02,397.41,0.04,16.7828,0.0417,4.4352,0.130601,1.3162,0.0333,0.4202,0.004,13.4941,0.4092,398.06,0.07,396.77,0.1,15.2249,0.0087,13.5148,0.0972146,1.0,-999.0,0.631,0.0032,37.9776,0.6812,20.9326,4.49208e-05,0.99811,5121,2048,62,0,177.037,12.9146,588017567097028726
21686562,15.8338,15.8343,0.4312,7.22241,0.865236,0.5688,353.65,0.09,249.58,0.08,16.7471,0.1689,5.73545,0.37909,1.0,-999.0,0.8692,0.0112,71.318,4.8177,352.66,0.23,248.27,0.2,16.4464,0.1229,9.23745,0.112464,0.3236,0.0253,0.8457,0.0094,-83.1868,3.2641,20.6167,7.31382e-05,1.00072,9217,8454656,62,0,166.779,16.9404,587742864743989372
21686563,14.4025,14.4025,0.173442,6.71648,0.56523,0.173442,330.26,0.01,329.75,0.02,16.3046,0.0189,2.58342,0.0774972,3.9465,0.1,0.1548,0.0025,-14.6954,0.1653,331.52,0.02,330.02,0.03,14.6093,0.0033,10.2684,0.0263802,1.0,-999.0,0.5804,0.0011,-35.92,0.2477,21.0202,9.68111e-05,1.13147,5121,64,62,0,199.061,41.4945,588017948282912812
21686565,14.8683,14.8918,0.198714,4.57491,0.71628,0.1978,216.41,0.01,216.58,0.01,16.6228,0.0332,1.87569,0.0917136,3.6872,0.1419,0.4841,0.0081,-34.4667,0.5845,216.46,0.02,217.8,0.02,15.1089,0.0065,6.68868,0.02339,1.0,-999.0,0.6262,0.0035,46.0934,0.1849,21.1008,0.000104624,1.04064,5121,128,62,0,189.422,26.7076,587741600960086092
21686566,14.7549,14.8135,0.0816314,10.5429,0.664654,0.0861,361.92,0.03,238.51,0.02,17.4752,0.025,2.79473,0.0616968,1.4067,0.0346,0.453,0.0057,60.6283,0.5591,361.65,0.07,238.0,0.05,14.8473,0.003,14.0566,0.0589401,1.0,-999.0,0.6637,0.0021,-78.048,0.3878,21.1901,0.000106864,1.09806,5121,2048,62,0,166.746,23.0063,587741828047175800
21686567,14.9374,14.9374,0.213663,5.05593,0.616328,0.213663,251.45,0.01,251.91,0.01,16.6131,0.0437,2.14925,0.110048,2.702,0.0989,0.6341,0.0084,-77.3278,0.7848,252.06,0.02,251.32,0.04,15.1984,0.0104,7.86049,0.0433911,1.0,-999.0,0.5629,0.0049,18.8219,0.2015,20.8616,8.86532e-05,1.02699,5121,128,62,0,167.764,19.1916,587742572684378218
21686572,15.2377,15.3438,0.140036,13.8041,0.941672,0.1542,125.7,0.03,473.54,0.07,17.3721,0.032,5.70311,0.148936,1.318,0.033,0.3393,0.0046,7.2071,0.3589,125.11,0.16,476.76,0.16,15.4015,0.0056,16.5505,0.143131,1.0,-999.0,0.9204,0.0076,-66.5277,3.6768,21.4434,0.000139896,1.04767,5121,2112,62,0,214.904,38.2343,587736584964604113
21686573,14.8401,14.9225,0.154508,5.28442,0.541328,0.0974,236.84,0.06,236.82,0.04,16.8677,0.0993,19.8144,5.58796,8.0,0.9723,0.2684,0.0094,81.7412,0.6987,237.24,0.01,236.11,0.01,15.0223,0.0038,5.05576,0.0117614,1.0,-999.0,0.9196,0.0021,49.2951,1.5969,20.9438,8.37792e-05,1.08105,5121,64,62,128,170.534,4.69282,588010359082123398
21686574,15.7953,15.8306,0.262051,6.49317,0.839856,0.266,288.28,0.04,302.1,0.04,17.2493,0.3463,3.85205,1.10924,2.0935,0.2631,0.8051,0.0179,-28.5898,2.8043,288.26,0.1,302.31,0.12,16.1252,0.1149,8.30691,0.159942,1.0,-999.0,0.8445,0.0073,-19.2272,2.9883,20.7943,7.7384e-05,1.0135,3073,0,62,0,120.03,55.3497,587738197189722386
21686578,15.198,15.198,0.368852,4.51773,0.698918,0.368852,215.35,0.01,215.22,0.01,16.2809,0.0515,1.96388,0.166122,4.4665,0.2355,0.5712,0.0053,20.5073,0.5487,215.38,0.04,215.28,0.06,15.6977,0.0233,7.40798,0.0562821,1.0,-999.0,0.7193,0.0036,-2.1389,1.0417,21.073,9.9714e-05,1.07008,3073,0,62,0,139.267,20.0935,588023046941311273
21686579,14.5618,14.5618,0.362932,8.09868,0.647434,0.362932,316.77,0.02,317.17,0.01,15.6623,0.0428,8.14659,0.515869,4.5043,0.113,0.5291,0.0039,-86.8442,0.3929,316.01,0.05,316.1,0.03,15.0514,0.0123,10.1338,0.0516972,1.0,-999.0,0.7488,0.0028,-58.6594,0.5371,21.1647,0.000109493,1.06846,3073,0,62,0,244.925,37.8063,587733441051689131
21686586,15.0898,15.1206,0.100624,7.39554,0.853422,0.0936,336.13,0.02,252.05,0.03,17.5831,0.0677,4.50292,0.590555,6.1981,0.4643,0.1898,0.0079,14.0339,0.493,336.03,0.04,252.2,0.04,15.205,0.0041,7.81936,0.0363475,1.0,-999.0,0.9799,0.0037,-48.2873,10.5169,21.0476,9.97553e-05,1.08585,5121,64,62,2048,202.578,32.5144,587739405714915421
21686587,14.698,14.8165,0.258858,10.2672,0.784073,0.198,203.16,0.03,225.33,0.02,16.1653,0.1162,17.4984,4.01366,8.0,0.6026,0.3975,0.0085,-79.9134,0.5698,202.93,0.05,225.55,0.06,15.0232,0.0086,10.4341,0.050634,1.0,-999.0,0.9117,0.0035,-10.3771,2.0712,20.9734,9.31363e-05,1.00988,5121,64,62,128,180.69,39.0963,588017977817825371
21686590,15.7988,15.7988,0.289763,3.17542,0.620975,0.289763,91.3,0.02,167.1,0.02,17.1437,0.0751,0.911038,0.14161,8.0,1.1964,0.3158,0.0112,-84.5918,0.7568,91.0,0.05,167.31,0.03,16.1703,0.0178,5.26692,0.0366133,1.0,-999.0,0.6554,0.0041,78.7884,0.7108,21.1108,0.000204095,1.09162,5121,64,62,128,206.017,45.3103,588017115050999842
21686592,14.6521,14.6521,0.30084,11.2392,0.89444,0.30084,408.13,0.01,408.5,0.01,15.9563,0.0851,4.34475,0.783724,7.911,0.6133,0.7163,0.0088,-66.0671,0.9149,407.42,0.09,408.45,0.08,15.0407,0.0181,15.1819,0.127117,1.0,-999.0,0.7793,0.0059,46.8885,0.6722,20.6809,3.65765e-05,0.98579,3073,0,62,128,235.46,5.85374,588017990703317218
21686594,15.0609,15.0609,0.256919,5.53438,0.725783,0.256919,260.87,0.01,260.69,0.01,16.5364,0.0272,3.04219,0.123473,4.1608,0.1035,0.2445,0.0038,60.0739,0.2084,261.11,0.05,260.77,0.04,15.3834,0.007,7.17959,0.0310316,1.0,-999.0,0.8675,0.0037,82.1619,1.7633,21.0515,9.8119e-05,1.09715,5121,64,62,0,125.366,12.3926,587742062121582703
21686595,14.9956,14.9956,0.576508,5.43059,0.848996,0.576508,213.31,0.01,111.09,0.01,15.5936,0.0327,3.91398,0.203148,4.8558,0.1142,0.5659,0.0028,-13.3146,0.3269,211.92,0.08,112.7,0.09,15.9285,0.0277,9.03737,0.120804,1.0,-999.0,0.839,0.0083,46.3688,3.1043,20.7423,0.000147664,1.06843,3073,0,62,0,353.431,-0.569577,587731185664196742
21686596,15.5451,15.6715,0.244685,3.90171,0.924293,0.1558,174.47,0.04,174.99,0.05,17.0736,0.1474,11.7261,5.05189,8.0,1.4545,0.8139,0.0312,-76.8712,7.6446,173.93,0.01,174.0,0.02,15.8498,0.0082,4.07643,0.0183399,1.0,-999.0,0.6943,0.0023,20.9517,0.4048,21.1556,0.000156619,1.03479,3073,0,62,128,157.94,22.0772,587741828580507674
21686598,15.7458,15.7458,0.40819,4.54489,0.636727,0.40819,206.19,0.01,206.55,0.01,16.7187,0.0458,2.47353,0.126205,2.7723,0.0837,0.7765,0.0092,35.4561,1.4184,207.41,0.08,207.48,0.05,16.3154,0.0259,8.64771,0.110903,1.0,-999.0,0.4953,0.0096,-57.2839,0.3357,21.3413,0.000133309,1.03671,3073,0,62,0,235.581,17.8061,587739809959379307
21686600,15.1819,15.1819,0.353384,4.08933,0.582021,0.353384,202.8,0.01,202.18,0.01,16.3112,0.0222,1.38327,0.0401544,2.8861,0.0879,0.5546,0.005,72.7188,0.3643,202.73,0.06,201.85,0.04,15.6552,0.0106,8.41873,0.0504346,1.0,-999.0,0.5688,0.0026,-73.7323,0.3704,21.1946,0.000104368,1.01206,3073,0,62,0,156.466,39.5295,588016892786638917
21686609,16.3444,16.4697,0.222903,3.89261,0.712648,0.1371,124.99,0.09,170.1,0.1,17.9741,0.3754,13.4584,14.1363,8.0,3.4463,0.5728,0.0459,-45.3801,6.1398,125.34,0.03,170.41,0.04,16.6182,0.018,3.91848,0.0384739,1.0,-999.0,0.7618,0.0067,13.4448,1.4016,21.0083,0.00015498,1.06302,3073,0,62,128,244.505,13.5311,587742615637393794
21686614,15.6797,15.6849,0.490031,3.87042,0.523265,0.490031,77.42,0.07,209.11,0.04,16.4542,0.1314,4.28428,0.178042,1.2591,0.0319,0.4442,0.0064,40.1038,0.3169,74.36,0.32,206.87,0.23,16.4109,0.1265,6.62223,0.163996,1.0,-999.0,0.5359,0.0059,40.102,0.6593,20.7475,0.000178716,1.05125,5121,2048,62,0,136.363,44.1439,587731681193754794
21686615,15.6814,15.6946,0.458145,3.77805,0.438046,0.4617,202.54,0.01,203.3,0.02,16.5289,0.0371,3.8157,0.0990396,1.6854,0.0264,0.3023,0.0024,-19.5186,0.2572,200.38,0.07,201.18,0.07,16.3467,0.0295,8.24609,0.0957527,1.0,-999.0,0.4325,0.0029,-41.9541,0.7607,21.1967,0.000120064,1.0136,5121,2112,62,0,235.474,32.7631,588017605238915235
